INSERT INTO role (id_role, label, is_default) VALUES (1, 'ROLE_SYSTEM_ADMINISTRATOR', FALSE);
INSERT INTO role (id_role, label, is_default) VALUES (2, 'ROLE_ADMINISTRATOR', FALSE);
INSERT INTO role (id_role, label, is_default) VALUES (3, 'ROLE_PASSENGER', TRUE);
INSERT INTO role (id_role, label, is_default) VALUES (4, 'ROLE_VERIFIER', FALSE);


INSERT INTO account (email, password, first_name, last_name, validated, id_validated, date_of_birth) VALUES ('sys@ns.com', '$2a$10$IfTbqUI6X/e7d72O9kSZkel8MAHUMY7gSkyg5w5qGA.sBDbvUKUE.', 'System', 'Admin', TRUE, TRUE, '1996-01-30 00:00:00');
INSERT INTO account_role (id_account, id_role) VALUES (1, 1);
INSERT INTO account (email, password, first_name, last_name, validated, id_validated, date_of_birth) VALUES ('adm@ns.com', '$2a$10$IfTbqUI6X/e7d72O9kSZkel8MAHUMY7gSkyg5w5qGA.sBDbvUKUE.', 'Travel', 'Admin', TRUE, TRUE, '1996-01-30 00:00:00');
INSERT INTO account_role (id_account, id_role) VALUES (2, 2);
INSERT INTO account (email, password, first_name, last_name, validated, id_validated, date_of_birth) VALUES ('pass@ns.com', '$2a$10$IfTbqUI6X/e7d72O9kSZkel8MAHUMY7gSkyg5w5qGA.sBDbvUKUE.', 'Just', 'Passenger', TRUE, FALSE, '1996-01-30 00:00:00');
INSERT INTO account_role (id_account, id_role) VALUES (3, 3);
INSERT INTO account (email, password, first_name, last_name, validated, id_validated, date_of_birth) VALUES ('ver@ns.com', '$2a$10$IfTbqUI6X/e7d72O9kSZkel8MAHUMY7gSkyg5w5qGA.sBDbvUKUE.', 'Just', 'Verifier', TRUE, TRUE, '1996-01-30 00:00:00');
INSERT INTO account_role (id_account, id_role) VALUES (4, 4);
INSERT INTO account (email, password, first_name, last_name, validated, id_validated, date_of_birth) VALUES ('nikola@ns.com', '$2a$10$IfTbqUI6X/e7d72O9kSZkel8MAHUMY7gSkyg5w5qGA.sBDbvUKUE.', 'Nikola', 'Zeljkovic', TRUE, TRUE, '1996-01-30 00:00:00');
INSERT INTO account_role (id_account, id_role) VALUES (5, 3);
INSERT INTO account (email, password, first_name, last_name, validated, id_validated, date_of_birth) VALUES ('adm1@ns.com', '$2a$10$IfTbqUI6X/e7d72O9kSZkel8MAHUMY7gSkyg5w5qGA.sBDbvUKUE.', 'Travel', 'Admin', TRUE, TRUE, '1996-01-30 00:00:00');
INSERT INTO account_role (id_account, id_role) VALUES (6, 2);
INSERT INTO account (email, password, first_name, last_name, validated, id_validated, date_of_birth) VALUES ('adm2@ns.com', '$2a$10$IfTbqUI6X/e7d72O9kSZkel8MAHUMY7gSkyg5w5qGA.sBDbvUKUE.', 'Travel', 'Admin', TRUE, TRUE, '1996-01-30 00:00:00');
INSERT INTO account_role (id_account, id_role) VALUES (7, 2);


INSERT INTO station (id_station, latitude, longitude, station_name) VALUES (1, 45.240393, 19.815733, 'BUL. PATRIJAHA PAVLA - SUBOTIČKA');
INSERT INTO station (id_station, latitude, longitude, station_name) VALUES (2, 45.2887458333, 19.8316979215, 'TEMERINSKI PUT - OTOKARA KERŠOVANIJA');
INSERT INTO station (id_station, latitude, longitude, station_name) VALUES (3, 45.2388659784, 19.833210388, 'NARODNOG FRONTA - BALZAKOVA');
INSERT INTO station (id_station, latitude, longitude, station_name) VALUES (4, 45.2609008436, 19.8204896166, 'RUMENAČKA - ABC SAMOPOSLUGA');
INSERT INTO station (id_station, latitude, longitude, station_name) VALUES (5, 45.2453607003, 19.7362210995, 'FUTOG - ZAVOD ZA DECU');
INSERT INTO station (id_station, latitude, longitude, station_name) VALUES (6, 45.2372217236, 19.8216097718, 'HEROJA PINKIJA - LAZE LAZAREVIĆA');
INSERT INTO station (id_station, latitude, longitude, station_name) VALUES (7, 45.2537168486, 19.7540706069, 'VETERNIK - ŠKOLA');
INSERT INTO station (id_station, latitude, longitude, station_name) VALUES (8, 45.295793932, 19.8223251106, 'SENTANDREJSKI PUT - VELEBITSKA');
INSERT INTO station (id_station, latitude, longitude, station_name) VALUES (9, 45.2727640906, 19.8746020003, 'ŠANGAJ - ŠKOLA');
INSERT INTO station (id_station, latitude, longitude, station_name) VALUES (10, 45.2234187828, 19.855319878, 'INSTITUTSKI BUT - BRANISLAVA BUKUROVA');
INSERT INTO station (id_station, latitude, longitude, station_name) VALUES (11, 45.237096, 19.806373, 'SENTELEKI KORNELA - O.Š. JOŽEF ATILA');
INSERT INTO station (id_station, latitude, longitude, station_name) VALUES (12, 45.241791669, 19.8830977084, 'PRERADOVIĆEVA - RAČKOG');
INSERT INTO station (id_station, latitude, longitude, station_name) VALUES (13, 45.2485327883, 19.8390130044, 'BUL. OSLOBOĐENJA - MAKSIMA GORKOG');
INSERT INTO station (id_station, latitude, longitude, station_name) VALUES (14, 45.2481301777, 19.8492059684, 'STRAŽILOVSKA - URBIS');
INSERT INTO station (id_station, latitude, longitude, station_name) VALUES (15, 45.2454847431, 19.690268057, 'FUTOG - AROMA - OKRETNICA');
INSERT INTO station (id_station, latitude, longitude, station_name) VALUES (16, 45.2435354955, 19.7826331453, 'NOVOSADSKI PUT - STEVANA SINĐELIĆA');
INSERT INTO station (id_station, latitude, longitude, station_name) VALUES (17, 45.2417640206, 19.843435786, 'NARODNOG FRONTA - BUL. OSLOBOĐENJA');
INSERT INTO station (id_station, latitude, longitude, station_name) VALUES (18, 45.2523770585, 19.8018919417, 'BUL. J. DUČIĆA - ROBNA KUĆA');
INSERT INTO station (id_station, latitude, longitude, station_name) VALUES (19, 45.2579092564, 19.8022341912, 'BUL. VOJVODE STEPE');
INSERT INTO station (id_station, latitude, longitude, station_name) VALUES (20, 45.2616253594, 19.8122424682, 'KORNELIJA STANKOVIĆA - MILENKA GRČIĆA');
INSERT INTO station (id_station, latitude, longitude, station_name) VALUES (21, 45.255083741, 19.8416138869, 'USPENSKA - ŠAFARIKOVA');
INSERT INTO station (id_station, latitude, longitude, station_name) VALUES (22, 45.3002863203, 19.8305569794, 'TEMERINSKI PUT - SAVSKA');
INSERT INTO station (id_station, latitude, longitude, station_name) VALUES (23, 45.2569890699, 19.8015188427, 'BUL. SLOB. JOVANOVIĆA - BUL. VOJVO. STEPE');
INSERT INTO station (id_station, latitude, longitude, station_name) VALUES (24, 45.2425681438, 19.8359820245, 'BUL. CARA LAZARA - PUŠKINOVA');
INSERT INTO station (id_station, latitude, longitude, station_name) VALUES (25, 45.2511237051, 19.7983862612, 'BUL. J. DUČIĆA - BATE BRKIĆA');
INSERT INTO station (id_station, latitude, longitude, station_name) VALUES (26, 45.2652106325, 19.8364405487, 'KISAČKA - JOVANA CVIJIĆA');
INSERT INTO station (id_station, latitude, longitude, station_name) VALUES (27, 45.2526031657, 19.8689433116, 'PRERADOVIĆEVA - LOVAČKI DOM');
INSERT INTO station (id_station, latitude, longitude, station_name) VALUES (28, 45.2417062369, 19.8023266636, 'BUL. PATRIJAHA PAVLA - ILARIONA RUVARCA');
INSERT INTO station (id_station, latitude, longitude, station_name) VALUES (29, 45.2687779267, 19.8317437287, 'SENTANDREJSKI PUT - PARTIZANSKA');
INSERT INTO station (id_station, latitude, longitude, station_name) VALUES (30, 45.2179545299, 19.8522159283, 'MAJORA TEPIĆA - MARKA OREŠKOVIĆA');
INSERT INTO station (id_station, latitude, longitude, station_name) VALUES (31, 45.2370775829, 19.8637483134, 'KAMENIČKI PUT - RIBNJAK GORNJI PUT');
INSERT INTO station (id_station, latitude, longitude, station_name) VALUES (32, 45.2540476132, 19.8064282878, 'RAŠE RADUJKOVA - STOJANA NOVAKOVIĆA');
INSERT INTO station (id_station, latitude, longitude, station_name) VALUES (33, 45.2425193175, 19.6867906144, 'FUTOG - KOZARAČKA 19');
INSERT INTO station (id_station, latitude, longitude, station_name) VALUES (34, 45.2370053496, 19.7344478967, 'FUTOG - BRAĆE BOŠNJAK 57');
INSERT INTO station (id_station, latitude, longitude, station_name) VALUES (35, 45.278889, 19.806465, 'PUT N. PART. ODREDA - ALBUS');
INSERT INTO station (id_station, latitude, longitude, station_name) VALUES (36, 45.2392722403, 19.68609644, 'FUTOG - CARICE MILICE -  KOZARAČKA');
INSERT INTO station (id_station, latitude, longitude, station_name) VALUES (37, 45.260028, 19.807755, 'BUL. VOJVO. STEPE - BULEVAR EVROPE');
INSERT INTO station (id_station, latitude, longitude, station_name) VALUES (38, 45.2650202834, 19.830132455, 'ŽELEZNIČKA STANICA - DOLASCI');
INSERT INTO station (id_station, latitude, longitude, station_name) VALUES (39, 45.241081551, 19.8428482132, 'BUL. OSLOBOĐENJA - MOST SLOBODE');
INSERT INTO station (id_station, latitude, longitude, station_name) VALUES (40, 45.2480202534, 19.839720893, 'MAKSIMA GORKOG - BUL.OSLOBOĐENJA');
INSERT INTO station (id_station, latitude, longitude, station_name) VALUES (41, 45.237145, 19.808508, 'ŠARPLANINSKA - O.Š. JOŽEF ATILA');
INSERT INTO station (id_station, latitude, longitude, station_name) VALUES (42, 45.251431704, 19.8732154355, 'PRERADOVIĆEVA - ŠENOINA');
INSERT INTO station (id_station, latitude, longitude, station_name) VALUES (43, 45.2376452454, 19.810635893, 'FEJEŠ KLARE - ĆIRILA I METODIJA');
INSERT INTO station (id_station, latitude, longitude, station_name) VALUES (44, 45.2183331, 19.820909925, 'SR. KAMENICA - LEDINAČKI PUT - BOCKE');
INSERT INTO station (id_station, latitude, longitude, station_name) VALUES (45, 45.2775718154, 19.7824063531, 'SAJLOVO V');
INSERT INTO station (id_station, latitude, longitude, station_name) VALUES (46, 45.2568003751, 19.7646595404, 'VETERNIK-RENO SERVIS');
INSERT INTO station (id_station, latitude, longitude, station_name) VALUES (47, 45.2588985768, 19.8371378326, 'VOJVODE BOJOVIĆA - O.Š. IVO LOLA RIBAR');
INSERT INTO station (id_station, latitude, longitude, station_name) VALUES (48, 45.2916390663, 19.8237880279, 'SENTANDREJSKI PUT - ZELENGORSKA');
INSERT INTO station (id_station, latitude, longitude, station_name) VALUES (49, 45.2413580417, 19.8036125161, 'BUL. PATRIJAHA PAVLA - PRVOMAJSKA');
INSERT INTO station (id_station, latitude, longitude, station_name) VALUES (50, 45.2420787039, 19.7984549409, 'BUL. PATRIJAHA PAVLA - DRVARSKA');
INSERT INTO station (id_station, latitude, longitude, station_name) VALUES (51, 45.2444754031, 19.8412524923, 'BUL. OSLOBOĐENJA - BUL. CARA LAZARA');
INSERT INTO station (id_station, latitude, longitude, station_name) VALUES (52, 45.2835133286, 19.8345314956, 'TEMERINSKA - NAJLON PIJACA');
INSERT INTO station (id_station, latitude, longitude, station_name) VALUES (53, 45.243749, 19.850994, 'UNIVERZITET - DR SIME MILOŠEVIĆA');
INSERT INTO station (id_station, latitude, longitude, station_name) VALUES (54, 45.264400104, 19.8447802173, 'GUNDULIĆEVA - TEMERINSKA');
INSERT INTO station (id_station, latitude, longitude, station_name) VALUES (55, 45.2618134201, 19.8104375633, 'JANKA ČMELIKA - DEČIJE OBDANIŠTE');
INSERT INTO station (id_station, latitude, longitude, station_name) VALUES (56, 45.2588786887, 19.8375257882, 'VOJVODE BOJOVIĆ - SOCIALNO');
INSERT INTO station (id_station, latitude, longitude, station_name) VALUES (57, 45.2360771107, 19.7191485592, 'FUTOG - CARA LAZARA - INDUSTRIJSKA');
INSERT INTO station (id_station, latitude, longitude, station_name) VALUES (58, 45.2554755764, 19.8418302098, 'USPENSKA - USPENSKA CRKVA');
INSERT INTO station (id_station, latitude, longitude, station_name) VALUES (59, 45.2437760634, 19.8407575757, 'BUL. CARA LAZARA - BUL. OSLOBOĐENJA');
INSERT INTO station (id_station, latitude, longitude, station_name) VALUES (60, 45.2591224024, 19.8244448578, 'KRALJA PETRA I - SAJAM');
INSERT INTO station (id_station, latitude, longitude, station_name) VALUES (61, 45.2398713667, 19.7040749573, 'FUTOG - RADE KONDIĆA - NJEGOŠEVA');
INSERT INTO station (id_station, latitude, longitude, station_name) VALUES (62, 45.259486, 19.808937, 'BULEVAR EVROPE - BULEVAR VOJVODE STEPE');
INSERT INTO station (id_station, latitude, longitude, station_name) VALUES (63, 45.2294522586, 19.8822505968, 'PETROVARADIN - PUT NOVI SAD RUMA 124');
INSERT INTO station (id_station, latitude, longitude, station_name) VALUES (64, 45.247820743, 19.7434923771, 'VETERNIK - IVE LOLE RIBARA 68');
INSERT INTO station (id_station, latitude, longitude, station_name) VALUES (65, 45.212298367, 19.8520212543, 'MAJORA TEPIĆA - NADVOŽNJAK');
INSERT INTO station (id_station, latitude, longitude, station_name) VALUES (66, 45.2545506888, 19.8353175469, 'BUL. OSLOBOÐENJA - NOVOSADSKOG SAJMA');
INSERT INTO station (id_station, latitude, longitude, station_name) VALUES (67, 45.2476834381, 19.7636929212, 'VETERNIK - NOVOS. PUT - SONJE MARINKOVIĆ');
INSERT INTO station (id_station, latitude, longitude, station_name) VALUES (68, 45.2430591564, 19.8201818748, 'BULEVAR EVROPE - ROMANIJSKA');
INSERT INTO station (id_station, latitude, longitude, station_name) VALUES (69, 45.2391587159, 19.6864559541, 'FUTOG - KOZARAČKA - STARA OKRETNICA');
INSERT INTO station (id_station, latitude, longitude, station_name) VALUES (70, 45.2836607098, 19.825949915, 'PRIMORSKA - SENTANDREJSKI PUT');
INSERT INTO station (id_station, latitude, longitude, station_name) VALUES (71, 45.2495765937, 19.7936823203, 'BUL. J.DUČIĆA - IGRALIŠTE');
INSERT INTO station (id_station, latitude, longitude, station_name) VALUES (72, 45.2393573607, 19.7014434935, 'FUTOG - BENZINSKA PUMPA');
INSERT INTO station (id_station, latitude, longitude, station_name) VALUES (73, 45.2427078645, 19.7194038535, 'FUTOG - RADE KONDIĆA - INDUSTRIJSKA');
INSERT INTO station (id_station, latitude, longitude, station_name) VALUES (74, 45.2423981968, 19.7357371238, 'FUTOG - NOVOSADSKA - VOJVOĐANSKIH BRIGADA');
INSERT INTO station (id_station, latitude, longitude, station_name) VALUES (75, 45.2613766166, 19.8318492939, 'BUL. OSLOBOĐENJA - KRALJA PETRA I');
INSERT INTO station (id_station, latitude, longitude, station_name) VALUES (76, 45.2488034819, 19.8421576964, 'MAKSIMA GORKOG - SREMSKA');
INSERT INTO station (id_station, latitude, longitude, station_name) VALUES (77, 45.2829661459, 19.816482199, 'PRIMORSKA 7');
INSERT INTO station (id_station, latitude, longitude, station_name) VALUES (78, 45.2332075399, 19.787184434, 'SIME ŠOLAJE - ŽIKICE JOVANOVIĆA');
INSERT INTO station (id_station, latitude, longitude, station_name) VALUES (79, 45.2490835157, 19.8300215701, 'FUTOŠKA - ANTONA ČEHOVA');
INSERT INTO station (id_station, latitude, longitude, station_name) VALUES (80, 45.256212, 19.811657, 'BULEVAR EVROPE - HADŽI RUVIMOVA');
INSERT INTO station (id_station, latitude, longitude, station_name) VALUES (81, 45.2575567077, 19.8546271049, 'BEOGRADSKI KEJ - MILOŠA BAJIĆA');
INSERT INTO station (id_station, latitude, longitude, station_name) VALUES (82, 45.2496755784, 19.8757045697, 'PRERADOVIĆEVA - BENZINSKA PUMPA');
INSERT INTO station (id_station, latitude, longitude, station_name) VALUES (83, 45.240038, 19.816809, 'BUL. PATRIJAHA PAVLA - JOŽEF ATILE');
INSERT INTO station (id_station, latitude, longitude, station_name) VALUES (84, 45.2608772309, 19.8557970812, 'BEOGRADSKI KEJ - MARKA MILJANOVA');
INSERT INTO station (id_station, latitude, longitude, station_name) VALUES (85, 45.2472193464, 19.7933548666, 'BUL. KNEZA MILOŠA - GARAŽA GSP - A');
INSERT INTO station (id_station, latitude, longitude, station_name) VALUES (86, 45.2678999388, 19.853083049, 'BAJČI ŽILINSKOG - BALKAN');
INSERT INTO station (id_station, latitude, longitude, station_name) VALUES (87, 45.2403483789, 19.8831881997, 'PETROVARADIN - RAČKOG - PETROVARADINSKA PIJACA');
INSERT INTO station (id_station, latitude, longitude, station_name) VALUES (88, 45.2667245338, 19.8564206921, 'BAJČI ŽILINSKOG - LUKA NOVI SAD');
INSERT INTO station (id_station, latitude, longitude, station_name) VALUES (89, 45.245098379, 19.7946648286, 'BUL. KNEZA MILOŠA - FUTOŠKI PUT');
INSERT INTO station (id_station, latitude, longitude, station_name) VALUES (90, 45.245159, 19.831754, 'MIŠE DIMITRIJEVIĆA - PUŠKINOVA');
INSERT INTO station (id_station, latitude, longitude, station_name) VALUES (91, 45.239855, 19.824770, 'BULEVAR EVROPE - CARA DUŠANA');
INSERT INTO station (id_station, latitude, longitude, station_name) VALUES (92, 45.2652079855, 19.8300468015, 'ŽELEZNIČKA STANICA TERMINAL');
INSERT INTO station (id_station, latitude, longitude, station_name) VALUES (93, 45.2737069812, 19.830315176, 'SENTANDREJSKI PUT - TEODORA MANDIĆA');
INSERT INTO station (id_station, latitude, longitude, station_name) VALUES (94, 45.2414768934, 19.7096568438, 'FUTOG - GRMEČKA 36');
INSERT INTO station (id_station, latitude, longitude, station_name) VALUES (95, 45.2466526277, 19.7680295823, 'VETERNIK - FEŠTER');
INSERT INTO station (id_station, latitude, longitude, station_name) VALUES (96, 45.2488161894, 19.8177958089, 'FUTOŠKA - HIGIJENSKI ZAVOD');
INSERT INTO station (id_station, latitude, longitude, station_name) VALUES (97, 45.2494278377, 19.8238348508, 'FUTOŠKA - BOLNICA');
INSERT INTO station (id_station, latitude, longitude, station_name) VALUES (98, 45.253519, 19.844141, 'BUL. MIHAJLA PUPINA - POTHODNIK');
INSERT INTO station (id_station, latitude, longitude, station_name) VALUES (99, 45.264478508, 19.8295879176, 'ŽELEZNIČKA STANICA');
INSERT INTO station (id_station, latitude, longitude, station_name) VALUES (100, 45.2809013055, 19.8361991299, 'TEMERINSKA - VIDOVDANSKO NASELJE');
INSERT INTO station (id_station, latitude, longitude, station_name) VALUES (101, 45.2608711975, 19.8423966225, 'KISAČKA - TEMERINSKA');
INSERT INTO station (id_station, latitude, longitude, station_name) VALUES (102, 45.2330981747, 19.7845240714, 'BANJALUČKA - BRANKA ĆOPIĆA');
INSERT INTO station (id_station, latitude, longitude, station_name) VALUES (103, 45.2440148287, 19.8198292771, 'BULEVAR EVROPE - TEODORA PAVLOVIĆA');
INSERT INTO station (id_station, latitude, longitude, station_name) VALUES (104, 45.3025717506, 19.8247023774, 'SENTANDREJSKI PUT - ZMAJEVAČKI PUT');
INSERT INTO station (id_station, latitude, longitude, station_name) VALUES (105, 45.2184505022, 19.8550708728, 'INSTITUT');
INSERT INTO station (id_station, latitude, longitude, station_name) VALUES (106, 45.2640665923, 19.8291811843, 'BUL. JAŠE TOMIĆA - ŽELEZNIČKA STANICA');
INSERT INTO station (id_station, latitude, longitude, station_name) VALUES (107, 45.2431816762, 19.7880484583, 'FUTOŠKI PUT - BENZINSKA PUMPA');
INSERT INTO station (id_station, latitude, longitude, station_name) VALUES (108, 45.2524025428, 19.8471827488, 'ŽARKA ZRENJANINA - OPŠTINA');
INSERT INTO station (id_station, latitude, longitude, station_name) VALUES (109, 45.2396198902, 19.6794477912, 'FUTOG - IZLAZ');
INSERT INTO station (id_station, latitude, longitude, station_name) VALUES (110, 45.2228156939, 19.8443834126, 'SR.KAMENICA - ŽELEZNIČKA - MUZEJ');
INSERT INTO station (id_station, latitude, longitude, station_name) VALUES (111, 45.275918, 19.828193, 'BIG ŠOPING CENTAR');
INSERT INTO station (id_station, latitude, longitude, station_name) VALUES (112, 45.2717595691, 19.7799422572, 'SAJLOVO - KRAJNJA ');
INSERT INTO station (id_station, latitude, longitude, station_name) VALUES (113, 45.2236649855, 19.8366471105, 'SR. KAMENICA - OKRETNICA KOD DUNAVA');
INSERT INTO station (id_station, latitude, longitude, station_name) VALUES (114, 45.270261, 19.841061, 'PARTIZANSKA - TEMERINSKA');
INSERT INTO station (id_station, latitude, longitude, station_name) VALUES (115, 45.2525198464, 19.8368000824, 'BUL. OSLOBOĐENJA - FUTOŠKA PIJACA');
INSERT INTO station (id_station, latitude, longitude, station_name) VALUES (116, 45.2616127597, 19.8351798744, 'BUL. KRALJA PETRA I - KRALJEVIĆA MARKA');
INSERT INTO station (id_station, latitude, longitude, station_name) VALUES (117, 45.2238312414, 19.8554431781, 'INSTITUTSKI PUT - NOVOSADSKA');
INSERT INTO station (id_station, latitude, longitude, station_name) VALUES (118, 45.2350171332, 19.810173082, 'FEJEŠ KLARE - KOTORSKA');
INSERT INTO station (id_station, latitude, longitude, station_name) VALUES (119, 45.2388740721, 19.69371563, 'FUTOG - CARICE MILICE - ROBNA KUĆA');
INSERT INTO station (id_station, latitude, longitude, station_name) VALUES (120, 45.2492337673, 19.8289089911, 'FUTOŠKA - JODNA BANJA');
INSERT INTO station (id_station, latitude, longitude, station_name) VALUES (121, 45.2578100769, 19.8180260671, 'HADŽI RUVIMOVA - ILIJE BIRČANINA');
INSERT INTO station (id_station, latitude, longitude, station_name) VALUES (122, 45.247811, 19.837693, 'BRAĆE RIBNIKARA - BUL. OSLOBOĐENJA');
INSERT INTO station (id_station, latitude, longitude, station_name) VALUES (123, 45.260450059, 19.8213763649, 'RUMENAČKA - DOM ZDRAVLJA');
INSERT INTO station (id_station, latitude, longitude, station_name) VALUES (124, 45.2491656314, 19.8252968807, 'FUTOŠKA - CARA DUŠANA');
INSERT INTO station (id_station, latitude, longitude, station_name) VALUES (125, 45.2689087832, 19.8239098396, 'INDUSTRIJSKA - BENZINSKA PUMPA');
INSERT INTO station (id_station, latitude, longitude, station_name) VALUES (126, 45.2383549843, 19.8079954948, 'ĆIRILA I METODIJA - O.Š. JOŽEF ATILA');
INSERT INTO station (id_station, latitude, longitude, station_name) VALUES (127, 45.2669400366, 19.8433774932, 'TEMERINSKA - PATRIJARHA ČARNOJEVIĆA');
INSERT INTO station (id_station, latitude, longitude, station_name) VALUES (128, 45.2548163902, 19.8623634945, 'BEOGRADSKA - VLADIMIRA NAZORA');
INSERT INTO station (id_station, latitude, longitude, station_name) VALUES (129, 45.2416663419, 19.8110232713, 'VRŠAČKA - ADI ENDREA');
INSERT INTO station (id_station, latitude, longitude, station_name) VALUES (130, 45.2529483166, 19.8031021067, 'BUL. J. DUČIĆA - BUL. S. JOVANOVIĆA');
INSERT INTO station (id_station, latitude, longitude, station_name) VALUES (131, 45.2590354052, 19.821789798, 'BRAĆE POPOVIĆ - RUMENAČKA');
INSERT INTO station (id_station, latitude, longitude, station_name) VALUES (132, 45.2943712733, 19.7958213074, 'KOTEKSPRODUKT - OKRETNICA');
INSERT INTO station (id_station, latitude, longitude, station_name) VALUES (133, 45.2751092444, 19.7865491723, 'SAJLOVO II');
INSERT INTO station (id_station, latitude, longitude, station_name) VALUES (134, 45.2482734052, 19.8075067499, 'BUL. S. JOVANOVIĆA - FUTOŠKI PUT');
INSERT INTO station (id_station, latitude, longitude, station_name) VALUES (135, 45.2536751535, 19.7953286658, 'BATE BRKIĆA - GERONTOLOŠKI CENTAR');
INSERT INTO station (id_station, latitude, longitude, station_name) VALUES (136, 45.2630741789, 19.8192032513, 'BUL. JAŠE TOMIĆA - RUMENAČKA');
INSERT INTO station (id_station, latitude, longitude, station_name) VALUES (137, 45.2547956381, 19.8309370182, 'NOVOSADSKOG SAJMA -O.Š. PETEFI FANDOR');
INSERT INTO station (id_station, latitude, longitude, station_name) VALUES (138, 45.2829316542, 19.8170137915, 'PRIMORSKA - NOVOGRAP');
INSERT INTO station (id_station, latitude, longitude, station_name) VALUES (139, 45.2489224745, 19.791754249, 'NOVO NASELJE - BISTRICA - OKRETNICA');
INSERT INTO station (id_station, latitude, longitude, station_name) VALUES (140, 45.2336724229, 19.7917712223, 'BRANKA ĆOPIĆA - JESENJINOVA');
INSERT INTO station (id_station, latitude, longitude, station_name) VALUES (141, 45.271510041, 19.8236627755, 'INDUSTRIJSKA - LIMPRODUKT');
INSERT INTO station (id_station, latitude, longitude, station_name) VALUES (142, 45.2377119869, 19.622897357, 'BEGEČ - ČESMA');
INSERT INTO station (id_station, latitude, longitude, station_name) VALUES (143, 45.2696690854, 19.8421271396, 'TEMERINSKA - PARTIZANSKA');
INSERT INTO station (id_station, latitude, longitude, station_name) VALUES (144, 45.2293188742, 19.8822880035, 'PUT NOVI SAD - RUMA - BENZINSKA PUMPA');
INSERT INTO station (id_station, latitude, longitude, station_name) VALUES (145, 45.2477580225, 19.7442091654, 'VETERNIK - IVE LOLE RIBARA K. BR. 37');
INSERT INTO station (id_station, latitude, longitude, station_name) VALUES (146, 45.2664847055, 19.8051343851, 'AVIJATIČARSKA - KASARNA - OKRETNICA');
INSERT INTO station (id_station, latitude, longitude, station_name) VALUES (147, 45.2404009547, 19.6697390487, 'BAČKOPALANAČKI PUT - ČARDA');
INSERT INTO station (id_station, latitude, longitude, station_name) VALUES (148, 45.2383877496, 19.808189521, 'ĆIRILA I METODIJA - ŠARPLANINSKA');
INSERT INTO station (id_station, latitude, longitude, station_name) VALUES (149, 45.2413213241, 19.7273130155, 'FUTOG - CARA LAZARA - POVRTARSKA - GROBLJE');
INSERT INTO station (id_station, latitude, longitude, station_name) VALUES (150, 45.2450297114, 19.704951521, 'FUTOG - GRMEČKA - DUŠANA KOŠUTIĆA');
INSERT INTO station (id_station, latitude, longitude, station_name) VALUES (151, 45.2478325873, 19.810052585, 'FUTOŠKA - JUGOALAT');
INSERT INTO station (id_station, latitude, longitude, station_name) VALUES (152, 45.2551283388, 19.8339511487, 'NOVOSADSKOG SAJMA - BUL.OSLOBOĐENJA');
INSERT INTO station (id_station, latitude, longitude, station_name) VALUES (153, 45.2409278186, 19.6342153146, 'BEGEČ - NIKOLE TESLE - ULAZ');
INSERT INTO station (id_station, latitude, longitude, station_name) VALUES (154, 45.2435858041, 19.6895780533, 'FUTOG - IVANA MILUTINOVIĆA 6');
INSERT INTO station (id_station, latitude, longitude, station_name) VALUES (155, 45.2515776887, 19.836036584, 'FUTOŠKA - BUL. OSLOBOĐENJA');
INSERT INTO station (id_station, latitude, longitude, station_name) VALUES (156, 45.2719896416, 19.7830517183, 'SAJLOVO III');
INSERT INTO station (id_station, latitude, longitude, station_name) VALUES (157, 45.2437879717, 19.7819769289, 'NOVOSADSKI PUT - ZORANA RADMILOVIĆA');
INSERT INTO station (id_station, latitude, longitude, station_name) VALUES (158, 45.2510355315, 19.8056491406, 'BUL. S.JOVANOVIĆA - DOM ZDRAVLJA');
INSERT INTO station (id_station, latitude, longitude, station_name) VALUES (159, 45.2635605256, 19.8502923003, 'KOSOVSKA');
INSERT INTO station (id_station, latitude, longitude, station_name) VALUES (160, 45.2941004442, 19.8307538038, 'TEMERINSKI PUT - PAJE RADOSAVLJEVA');
INSERT INTO station (id_station, latitude, longitude, station_name) VALUES (161, 45.2716456299, 19.8734833608, 'ŠANGAJ - OKRETNICA');
INSERT INTO station (id_station, latitude, longitude, station_name) VALUES (162, 45.2898775272, 19.8245477965, 'SENTANDREJSKI PUT - SPORTSKA HALA');
INSERT INTO station (id_station, latitude, longitude, station_name) VALUES (163, 45.264414954, 19.831181344, 'BUL. JAŠE TOMIĆA - BUL. OSLOBOĐENJA');
INSERT INTO station (id_station, latitude, longitude, station_name) VALUES (164, 45.2516559504, 19.8520851559, 'MAKSIMA GORKOG - VOJVODE MIŠIĆA');
INSERT INTO station (id_station, latitude, longitude, station_name) VALUES (165, 45.2474414598, 19.8488525074, 'BUL. CARA LAZARA - URBIS');
INSERT INTO station (id_station, latitude, longitude, station_name) VALUES (166, 45.2876579587, 19.795145297, 'PRIMORSKA 88');
INSERT INTO station (id_station, latitude, longitude, station_name) VALUES (167, 45.2532878064, 19.8241868372, 'HAJDUK VELJKOVA - MEDICINSKI FAKULTET');
INSERT INTO station (id_station, latitude, longitude, station_name) VALUES (168, 45.2604662935, 19.8096845247, 'KORNELIJA STANKOVIĆA  - BULEVAR EVROPE');
INSERT INTO station (id_station, latitude, longitude, station_name) VALUES (169, 45.2623699914, 19.8401023551, 'KISAČKA - BUL. KRALJA PETRA I');
INSERT INTO station (id_station, latitude, longitude, station_name) VALUES (170, 45.2336631693, 19.7921001728, 'BRANKA ĆOPIĆA - SLAVUJEVA');
INSERT INTO station (id_station, latitude, longitude, station_name) VALUES (171, 45.3023192227, 19.8302754549, 'TEMERINSKI PUT - NADVOŽNJAK - OKRETNICA');
INSERT INTO station (id_station, latitude, longitude, station_name) VALUES (172, 45.243178287, 19.6869322495, 'FUTOG - KOZARAČKA 22');
INSERT INTO station (id_station, latitude, longitude, station_name) VALUES (173, 45.2801667701, 19.7863577779, 'RUMENAČKI PUT - NADVOŽNJAK');
INSERT INTO station (id_station, latitude, longitude, station_name) VALUES (174, 45.2782101032, 19.7944074552, 'RUMENAČKI PUT - GRADSKO GROBLJE');
INSERT INTO station (id_station, latitude, longitude, station_name) VALUES (175, 45.2349410298, 19.8180658175, 'HEROJA PINKIJA - MORNARSKA');
INSERT INTO station (id_station, latitude, longitude, station_name) VALUES (176, 45.2475207776, 19.8392619075, 'BUL. OSLOBOĐENJA - BRAĆE RIBNIKAR');
INSERT INTO station (id_station, latitude, longitude, station_name) VALUES (177, 45.2360062995, 19.8878906109, 'PETROVARADIN - OKRETNICA');
INSERT INTO station (id_station, latitude, longitude, station_name) VALUES (178, 45.2836071021, 19.8128528029, 'PRIMORSKA - APATINSKA');
INSERT INTO station (id_station, latitude, longitude, station_name) VALUES (179, 45.256618567, 19.8145474244, 'HADŽI RUVIMOVA - JANKA ČMELIKA');
INSERT INTO station (id_station, latitude, longitude, station_name) VALUES (180, 45.2418427335, 19.6532486911, 'BAČKOPALANAČKI PUT - SALAŠ');
INSERT INTO station (id_station, latitude, longitude, station_name) VALUES (181, 45.2888681125, 19.8247619009, 'SENTANDREJSKI PUT - DOLINSKA');
INSERT INTO station (id_station, latitude, longitude, station_name) VALUES (182, 45.259428265, 19.8274393446, 'KRALJA PETRA I - MAŠINSKA ŠKOLA');
INSERT INTO station (id_station, latitude, longitude, station_name) VALUES (183, 45.2515983077, 19.8053597388, 'BUL. S. JOVANOVIĆA - BRANISLAVA BOROTE');
INSERT INTO station (id_station, latitude, longitude, station_name) VALUES (184, 45.2429842112, 19.847528317, 'FRUŠKOGORSKA - DR. I. ĐURIČIĆA');
INSERT INTO station (id_station, latitude, longitude, station_name) VALUES (185, 45.2725760616, 19.8411205686, 'TEMERINSKA - ŠAJKAŠKA');
INSERT INTO station (id_station, latitude, longitude, station_name) VALUES (186, 45.2376061823, 19.7063269819, 'FUTOG - CARA LAZARA - UROŠA PREDIĆA');
INSERT INTO station (id_station, latitude, longitude, station_name) VALUES (187, 45.2394232209, 19.8253580867, 'IVE ANDRIĆA - BULEVAR EVROPE');
INSERT INTO station (id_station, latitude, longitude, station_name) VALUES (188, 45.264154136, 19.8438347072, 'TEMERINSKA - GUNDULIĆEVA');
INSERT INTO station (id_station, latitude, longitude, station_name) VALUES (189, 45.2997652739, 19.8226695053, 'SENTANDREJSKI PUT - SAVSKA');
INSERT INTO station (id_station, latitude, longitude, station_name) VALUES (190, 45.2310593407, 19.6220513162, 'BEGEČ - OKRETNICA');
INSERT INTO station (id_station, latitude, longitude, station_name) VALUES (191, 45.2778935404, 19.7896525102, 'SAJLOVO I');
INSERT INTO station (id_station, latitude, longitude, station_name) VALUES (192, 45.2411290493, 19.7273351926, 'FUTOG - CARA LAZARA - POVRTARSKA');
INSERT INTO station (id_station, latitude, longitude, station_name) VALUES (193, 45.2725323349, 19.8198678228, 'NOVKABEL - METRO CASH & CARY');
INSERT INTO station (id_station, latitude, longitude, station_name) VALUES (194, 45.264010, 19.850372, 'PODBARA - OKRETNICA');
INSERT INTO station (id_station, latitude, longitude, station_name) VALUES (195, 45.2488624702, 19.8431913572, 'MAKSIMA GORKOG - SPENS');
INSERT INTO station (id_station, latitude, longitude, station_name) VALUES (196, 45.2637816804, 19.8246328903, 'BUL. JAŠE TOMIĆA - PARISKE KOMUNE');
INSERT INTO station (id_station, latitude, longitude, station_name) VALUES (197, 45.2576645565, 19.8548476045, 'BEOGRADSKI KEJ - KAPETANIJA');
INSERT INTO station (id_station, latitude, longitude, station_name) VALUES (198, 45.2396101516, 19.8853872807, 'PETROVARADIN - ŽELEZNIČKA STANICA');
INSERT INTO station (id_station, latitude, longitude, station_name) VALUES (199, 45.2710086836, 19.8419173482, 'TEMERINSKA - PUT ŠAJKAŠKOG ODREDA');
INSERT INTO station (id_station, latitude, longitude, station_name) VALUES (200, 45.2673052212, 19.8430703993, 'TEMERINSKA - KOSTE ŠOKICE');
INSERT INTO station (id_station, latitude, longitude, station_name) VALUES (201, 45.253249, 19.813681, 'BULEVAR EVROPE - BRANKA BAJIĆA');
INSERT INTO station (id_station, latitude, longitude, station_name) VALUES (202, 45.2610079188, 19.8431916148, 'TEMERINSKA - TRG MARIJE TRANDAFIL');
INSERT INTO station (id_station, latitude, longitude, station_name) VALUES (203, 45.2891747388, 19.7896050461, 'PRIMORSKA - NEOPLANTA OKRETNICA');
INSERT INTO station (id_station, latitude, longitude, station_name) VALUES (204, 45.2498730986, 19.8331936901, 'FUTOŠKA - BRAĆE RIBNIKAR');
INSERT INTO station (id_station, latitude, longitude, station_name) VALUES (205, 45.2910920332, 19.8307752397, 'TEMERINSKI PUT - MAJKE JUGOVIĆA');
INSERT INTO station (id_station, latitude, longitude, station_name) VALUES (206, 45.2569093044, 19.8241177466, 'HAJDUK VELJKOVA - SAJAM');
INSERT INTO station (id_station, latitude, longitude, station_name) VALUES (207, 45.2742528831, 19.7787038641, 'SAJLOVO IV');
INSERT INTO station (id_station, latitude, longitude, station_name) VALUES (208, 45.2549794279, 19.8549474588, 'TRG NEZNANOG JUNAKA - MOST DUGA');
INSERT INTO station (id_station, latitude, longitude, station_name) VALUES (209, 45.2640771252, 19.8231059398, 'BUL. JAŠE TOMIĆA - ŽELEZNIČKI PARK');
INSERT INTO station (id_station, latitude, longitude, station_name) VALUES (210, 45.251508, 19.744452, 'VETERNIK-ŠKOLSKA-BRAĆE TOKIN');
INSERT INTO station (id_station, latitude, longitude, station_name) VALUES (211, 45.2390614549, 19.8008702781, 'ĆIRILA I METODIJA - GORANA KOVAČIĆA');
INSERT INTO station (id_station, latitude, longitude, station_name) VALUES (212, 45.2488033781, 19.876524398, 'PRERADOVIĆEVA - RELJKOVIĆEVA');
INSERT INTO station (id_station, latitude, longitude, station_name) VALUES (213, 45.2802328142, 19.8594856773, 'PUT ŠAJKAŠKOG ODREDA - NAFTAGAS I');
INSERT INTO station (id_station, latitude, longitude, station_name) VALUES (214, 45.2503360437, 19.7534046769, 'VETERNIK - OMLADINSKA - PIJACA VETERNIK');
INSERT INTO station (id_station, latitude, longitude, station_name) VALUES (215, 45.2759625849, 19.8750018148, 'KAPIJA - ŠANGAJ');
INSERT INTO station (id_station, latitude, longitude, station_name) VALUES (216, 45.242380, 19.828620, 'MIŠE DIMITRIJEVIĆA - ĐORĐA SERVICKOG');
INSERT INTO station (id_station, latitude, longitude, station_name) VALUES (217, 45.2545639152, 19.8244393678, 'HAJDUK VELJKOVA - NOVOSADSKOG SAJMA');
INSERT INTO station (id_station, latitude, longitude, station_name) VALUES (218, 45.2231734727, 19.8429845913, 'SR. KAMENICA - CENTAR');
INSERT INTO station (id_station, latitude, longitude, station_name) VALUES (219, 45.2636389127, 19.8174016008, 'RUMENAČKA - KORNELIJA STANKOVIĆA');
INSERT INTO station (id_station, latitude, longitude, station_name) VALUES (220, 45.2443433814, 19.8094435931, 'VRŠAČKA - JOVANA POPOVIĆA');
INSERT INTO station (id_station, latitude, longitude, station_name) VALUES (221, 45.246804, 19.849049, 'DR SIME MILOŠEVIĆA - BUL. CARA LAZARA');
INSERT INTO station (id_station, latitude, longitude, station_name) VALUES (222, 45.2828585422, 19.8268347377, 'SENTANDREJSKI PUT - MOST KANAL DTD');
INSERT INTO station (id_station, latitude, longitude, station_name) VALUES (223, 45.2232749084, 19.8439718129, 'SR.KAMENICA - ŽELEZNIČKA');
INSERT INTO station (id_station, latitude, longitude, station_name) VALUES (224, 45.2424582038, 19.8467941518, 'NARODNOG FRONTA - FRUŠKOGORSKA');
INSERT INTO station (id_station, latitude, longitude, station_name) VALUES (225, 45.255302, 19.811805, 'BULEVAR EVROPE - RAŠE RADUJKOVA');
INSERT INTO station (id_station, latitude, longitude, station_name) VALUES (226, 45.2445958159, 19.79550631, 'FUTOŠKI PUT - BUL. PATRIJAHA PAVLA');
INSERT INTO station (id_station, latitude, longitude, station_name) VALUES (227, 45.2615941131, 19.8510251212, 'MARKA MILJANOVA - KOSOVSKA');
INSERT INTO station (id_station, latitude, longitude, station_name) VALUES (228, 45.249118, 19.816518, 'BULEVAR EVROPE - FUTOŠKA');
INSERT INTO station (id_station, latitude, longitude, station_name) VALUES (229, 45.2722670532, 19.8214602068, 'PUT N.PART. ODREDA - NOVKABEL');
INSERT INTO station (id_station, latitude, longitude, station_name) VALUES (230, 45.240548, 19.811950, 'BUL. PATRIJAHA PAVLA - FEJEŠ KLARE');
INSERT INTO station (id_station, latitude, longitude, station_name) VALUES (231, 45.2702133075, 19.8089150153, 'RUMENAČKI PUT - AVIJATIČARSKA');
INSERT INTO station (id_station, latitude, longitude, station_name) VALUES (232, 45.263325649, 19.8304838937, 'BUL. OSLOBOĐENJA - BUL. JAŠE TOMIĆA');
INSERT INTO station (id_station, latitude, longitude, station_name) VALUES (233, 45.264153, 19.846968, 'GUNDULIĆEVA - KOČE KOLAROVA');
INSERT INTO station (id_station, latitude, longitude, station_name) VALUES (234, 45.2957648457, 19.8304491318, 'TEMERINSKI PUT - VELEBITSKA');
INSERT INTO station (id_station, latitude, longitude, station_name) VALUES (235, 45.2621466908, 19.8435652321, 'TEMERINSKA - PIJACA');
INSERT INTO station (id_station, latitude, longitude, station_name) VALUES (236, 45.2487841683, 19.8247020319, 'CARA DUŠANA - FUTOŠKA');
INSERT INTO station (id_station, latitude, longitude, station_name) VALUES (237, 45.239770, 19.821792, 'BUL. PATRIJAHA PAVLA  - BULEVAR EVROPE');
INSERT INTO station (id_station, latitude, longitude, station_name) VALUES (238, 45.2879205478, 19.7942811115, 'PRIMORSKA - BAZAR VELEPRODAJA');
INSERT INTO station (id_station, latitude, longitude, station_name) VALUES (239, 45.2862955383, 19.8007371836, 'PRIMORSKA - HINS');
INSERT INTO station (id_station, latitude, longitude, station_name) VALUES (240, 45.2542020579, 19.8519122087, 'BUL. MIHAJLA PUPINA - DUNAVSKI PARK');
INSERT INTO station (id_station, latitude, longitude, station_name) VALUES (241, 45.2634661042, 19.8156966528, 'KORNELIJA STANKOVIĆA - FILIPA FILIPOVIĆA');
INSERT INTO station (id_station, latitude, longitude, station_name) VALUES (242, 45.2370507228, 19.7338236925, 'FUTOG - BRAĆE BOŠNJAK 44A');
INSERT INTO station (id_station, latitude, longitude, station_name) VALUES (243, 45.239197, 19.690270, 'FUTOG - SONJE MARINKOVIĆ - CARICE MILICE');
INSERT INTO station (id_station, latitude, longitude, station_name) VALUES (244, 45.22717493, 19.8567651282, 'INSTITUTSKI PUT - PETLJA MIŠELUK');
INSERT INTO station (id_station, latitude, longitude, station_name) VALUES (245, 45.2595168963, 19.8263471168, 'BUL .KRALJA PETRA I - GROBLJE');
INSERT INTO station (id_station, latitude, longitude, station_name) VALUES (246, 45.247517576, 19.8083415635, 'FUTOŠKI PUT - VRŠAČKA');
INSERT INTO station (id_station, latitude, longitude, station_name) VALUES (247, 45.2872651434, 19.825474462, 'SENTANDREJSKI PUT - OTOKARA KERŠOV.');
INSERT INTO station (id_station, latitude, longitude, station_name) VALUES (248, 45.2605767651, 19.8314132035, 'BUL .KRALJA PETRA I - BUL. OSLOBOĐENJA');
INSERT INTO station (id_station, latitude, longitude, station_name) VALUES (249, 45.2487018425, 19.7490170677, 'VETERNIK - IVE LOLE RIBARA 17');
INSERT INTO station (id_station, latitude, longitude, station_name) VALUES (250, 45.227563923, 19.8520544672, 'SR. KAMENICA - UNIVERZITET');
INSERT INTO station (id_station, latitude, longitude, station_name) VALUES (251, 45.2496536022, 19.8321411697, 'FUTOŠKA - BRANISLAVA NUŠIĆA');
INSERT INTO station (id_station, latitude, longitude, station_name) VALUES (252, 45.248640168, 19.747660267, 'VETERNIK - IVE LOLE RIBARA I');
INSERT INTO station (id_station, latitude, longitude, station_name) VALUES (253, 45.2500788277, 19.7947978105, 'BUL. JOVANA DUČIĆA - IGRALIŠTE');
INSERT INTO station (id_station, latitude, longitude, station_name) VALUES (254, 45.255629856, 19.8351029309, 'BUL. OSLOBOĐENJA - POKRAJINSKI SUP');
INSERT INTO station (id_station, latitude, longitude, station_name) VALUES (255, 45.2503985655, 19.7913833451, 'BUL. KNEZA MILOŠA - DUŠANA DANILOVIĆA');
INSERT INTO station (id_station, latitude, longitude, station_name) VALUES (256, 45.2426706144, 19.8371533191, 'BUL. CARA LAZARA - ŠEKSPIROVA');
INSERT INTO station (id_station, latitude, longitude, station_name) VALUES (257, 45.2713036839, 19.8308548777, 'SENTANDREJSKI PUT - BENZINSKA PUMPA');
INSERT INTO station (id_station, latitude, longitude, station_name) VALUES (258, 45.2802887336, 19.8545442322, 'PUT ŠAJKAŠKOG ODREDA - BUTANGAS');
INSERT INTO station (id_station, latitude, longitude, station_name) VALUES (259, 45.2547426103, 19.8300945566, 'NOVOSADSKOG SAJMA -O.Š. PETEFI ŠANDOR');
INSERT INTO station (id_station, latitude, longitude, station_name) VALUES (260, 45.2487632498, 19.7921260989, 'BUL. KNEZA MILOŠA - BUL. J. DUČIĆA');
INSERT INTO station (id_station, latitude, longitude, station_name) VALUES (261, 45.2417500565, 19.7996161438, 'BUL. PATRIJAHA PAVLA  - DRVARSKA');
INSERT INTO station (id_station, latitude, longitude, station_name) VALUES (262, 45.2386999087, 19.84777609, 'ŠTRAND - OKRETNICA');
INSERT INTO station (id_station, latitude, longitude, station_name) VALUES (263, 45.2964910099, 19.830743315, 'TEMERINSKI PUT - DEČANSKA');
INSERT INTO station (id_station, latitude, longitude, station_name) VALUES (264, 45.243705, 19.792701, 'FUTOŠKI PUT - GARAŽA GSP');
INSERT INTO station (id_station, latitude, longitude, station_name) VALUES (265, 45.2545243275, 19.8599211958, 'MOST DUGA - TVRĐAVA');
INSERT INTO station (id_station, latitude, longitude, station_name) VALUES (266, 45.2419179659, 19.6400853519, 'BEGEČ - NILOLE TESLE - AGROBEGEČ');
INSERT INTO station (id_station, latitude, longitude, station_name) VALUES (267, 45.23855347, 19.8108903063, 'VRŠAČKA - PRAVOSLAVNA CRKVA');
INSERT INTO station (id_station, latitude, longitude, station_name) VALUES (268, 45.2350784381, 19.6236073708, 'BEGEČ - KRALJA PETRA I - DOSITEJA OBRADOVIĆA');
INSERT INTO station (id_station, latitude, longitude, station_name) VALUES (269, 45.2202518686, 19.8277369153, 'SR. KAMENICA - LEDINAČKI PUT - ŠIMŠIROVA');
INSERT INTO station (id_station, latitude, longitude, station_name) VALUES (270, 45.2665045391, 19.834665763, 'KISAČKA - PODVOŽNJAK');
INSERT INTO station (id_station, latitude, longitude, station_name) VALUES (271, 45.2391202342, 19.8008255822, 'ĆIRILA I METODIJA - VARGA ĐULE');
INSERT INTO station (id_station, latitude, longitude, station_name) VALUES (272, 45.2463545316, 19.7371847016, 'VETERNIK - ZAVOD ZA DECU');
INSERT INTO station (id_station, latitude, longitude, station_name) VALUES (273, 45.2448774927, 19.7751981963, 'SPORTSKI CENTAR');
INSERT INTO station (id_station, latitude, longitude, station_name) VALUES (274, 45.237690628, 19.7382289415, 'FUTOG - NOVOSADSKA - BRAĆE BOŠNJAK');
INSERT INTO station (id_station, latitude, longitude, station_name) VALUES (275, 45.248015, 19.835067, 'BRAĆE RIBNIKARA - MIŠE DIMITRIJEVIĆA');
INSERT INTO station (id_station, latitude, longitude, station_name) VALUES (276, 45.2670846403, 19.8130603695, 'RUMENAČKA - POLICIJSKA STANICA');
INSERT INTO station (id_station, latitude, longitude, station_name) VALUES (277, 45.2626605142, 19.8390400612, 'BUL. KRALJA PETRA I - KISAČKA');
INSERT INTO station (id_station, latitude, longitude, station_name) VALUES (278, 45.2516407374, 19.8727083512, 'PRERADOVIĆEVA - O.Š. JOVAN DUČIĆ');
INSERT INTO station (id_station, latitude, longitude, station_name) VALUES (279, 45.278426388, 19.8072955438, 'PUT N. PART. ODREDA - ALBUS');
INSERT INTO station (id_station, latitude, longitude, station_name) VALUES (280, 45.2528535063, 19.8475593745, 'ŽARKA ZRENJANINA - IZVRŠNO VEĆE');
INSERT INTO station (id_station, latitude, longitude, station_name) VALUES (281, 45.2844569192, 19.8082336599, 'PRIMORSKA - IDEA');
INSERT INTO station (id_station, latitude, longitude, station_name) VALUES (282, 45.2848260115, 19.8263159471, 'SENTANDREJSKI PUT - PRIMORSKA');
INSERT INTO station (id_station, latitude, longitude, station_name) VALUES (283, 45.2435799386, 19.6891218924, 'FUTOG - IVANA MILUTINOVIĆA 5');
INSERT INTO station (id_station, latitude, longitude, station_name) VALUES (284, 45.2537969106, 19.7903530914, 'BUL. VOJVODE STEPE - BUL.KNEZA MILOŠA');
INSERT INTO station (id_station, latitude, longitude, station_name) VALUES (285, 45.265188, 19.808222, 'OBLAČIĆA RADA - JANKA ČMELIKA');
INSERT INTO station (id_station, latitude, longitude, station_name) VALUES (286, 45.2440339225, 19.795029964, 'BUL. PATRIJAHA PAVLA - FUTOŠKI PUT');
INSERT INTO station (id_station, latitude, longitude, station_name) VALUES (287, 45.2360964354, 19.7184695601, 'FUTOG - CARA LAZARA - ÐURE JAKŠICA');
INSERT INTO station (id_station, latitude, longitude, station_name) VALUES (288, 45.2542051645, 19.8072929653, 'RAŠE RADUJKOVA - VLADIKE ĆIRIĆA');
INSERT INTO station (id_station, latitude, longitude, station_name) VALUES (289, 45.2556482515, 19.8026436487, 'BUL. SLOB. JOVANOVIĆA - T. JOVANOVIĆA');
INSERT INTO station (id_station, latitude, longitude, station_name) VALUES (290, 45.2747023047, 19.8018176756, 'RUMENAČKI PUT - KRUŽNI TOK');
INSERT INTO station (id_station, latitude, longitude, station_name) VALUES (291, 45.2513539058, 19.7983752275, 'BUL. J. DUČIĆA - BRAĆE DRONJAK');
INSERT INTO station (id_station, latitude, longitude, station_name) VALUES (292, 45.2531656254, 19.7606394502, 'VETERNIK - STADION');
INSERT INTO station (id_station, latitude, longitude, station_name) VALUES (293, 45.2444242272, 19.7278720071, 'FUTOG - RADE KONDIĆA - RUMENAČKA');
INSERT INTO station (id_station, latitude, longitude, station_name) VALUES (294, 45.241173578, 19.6267120374, 'BEGEČ - PARTIZANSKA - FUDBALSKI TEREN');
INSERT INTO station (id_station, latitude, longitude, station_name) VALUES (295, 45.2644189465, 19.8177497604, 'INDUSTRIJSKA - RUMENAČKA');
INSERT INTO station (id_station, latitude, longitude, station_name) VALUES (296, 45.2399480828, 19.8258641034, 'BUL. CARA LAZARA - IVE ANDRIĆA');
INSERT INTO station (id_station, latitude, longitude, station_name) VALUES (297, 45.2607697725, 19.8329179672, 'KRALJA PETRA I - BUL. OSLOBOĐENJA');
INSERT INTO station (id_station, latitude, longitude, station_name) VALUES (298, 45.2502026841, 19.7570349816, 'VETERNIK - CENTAR');
INSERT INTO station (id_station, latitude, longitude, station_name) VALUES (299, 45.2502487472, 19.7005280394, 'FUTOG - MILAN VIDAK - OKRETNICA');
INSERT INTO station (id_station, latitude, longitude, station_name) VALUES (300, 45.2740884561, 19.8139766836, 'PUT N. PART. ODREDA - MOTINS');
INSERT INTO station (id_station, latitude, longitude, station_name) VALUES (301, 45.2660444179, 19.8148147237, 'RUMENAČKA - RADNIČKO IGRALIŠTE');
INSERT INTO station (id_station, latitude, longitude, station_name) VALUES (302, 45.2801291859, 19.8725659095, 'PUT ŠAJKAŠKOG ODREDA - HIDROSONDA');
INSERT INTO station (id_station, latitude, longitude, station_name) VALUES (303, 45.2704064001, 19.80785211, 'AVIJATIČARSKA - RUMENAČKI PUT');
INSERT INTO station (id_station, latitude, longitude, station_name) VALUES (304, 45.2527996498, 19.7495228035, 'VETERNIK - GASNA PODSTANICA');
INSERT INTO station (id_station, latitude, longitude, station_name) VALUES (305, 45.2514514442, 19.8370753816, 'BUL. OSLOBOĐENJA - FUTOŠKA');
INSERT INTO station (id_station, latitude, longitude, station_name) VALUES (306, 45.2563655281, 19.7562757223, 'VETERNIK - VOJVODE BOJOVIĆA 57');
INSERT INTO station (id_station, latitude, longitude, station_name) VALUES (307, 45.270255, 19.842795, 'PUT ŠAJKAŠKOG ODREDA - TEMERINSKA');
INSERT INTO station (id_station, latitude, longitude, station_name) VALUES (308, 45.2180266714, 19.8182331378, 'SR. KAMENICA - BOCKE - OKTERNICA');
INSERT INTO station (id_station, latitude, longitude, station_name) VALUES (309, 45.2403689153, 19.8384767147, 'NARODNOG FRONTA - ŠEKSPIROVA');
INSERT INTO station (id_station, latitude, longitude, station_name) VALUES (310, 45.2368987058, 19.7118648922, 'FUTOG - CARA LAZARA - PETRA DRAPŠINA');
INSERT INTO station (id_station, latitude, longitude, station_name) VALUES (311, 45.2373436138, 19.8276347235, 'NARODNOG FRONTA - IVE ANDRIĆA');
INSERT INTO station (id_station, latitude, longitude, station_name) VALUES (312, 45.2381967138, 19.7014373151, 'FUTOG - CARA LAZARA 5');
INSERT INTO station (id_station, latitude, longitude, station_name) VALUES (313, 45.2344242907, 19.7847028632, 'SMEDEREVSKA - BANJALUČKA');
INSERT INTO station (id_station, latitude, longitude, station_name) VALUES (314, 45.2406816439, 19.6221147229, 'BEGEČ - KRALJA PETRA I - ZMAJ JOVINA');
INSERT INTO station (id_station, latitude, longitude, station_name) VALUES (315, 45.2397771125, 19.8663045281, 'KAMENIČKI PUT - TRANDŽAMENT');
INSERT INTO station (id_station, latitude, longitude, station_name) VALUES (316, 45.2633439588, 19.8182127414, 'RUMENAČKA - BUL. JAŠE TOMIĆA');
INSERT INTO station (id_station, latitude, longitude, station_name) VALUES (317, 45.2618165848, 19.836097904, 'BUL. KRALJA PETRA I - DOM ZDRAVLJA ZOV');
INSERT INTO station (id_station, latitude, longitude, station_name) VALUES (318, 45.2215936729, 19.8485735281, 'MOŠE PIJADE - SŠUP SR. KAMENICA');
INSERT INTO station (id_station, latitude, longitude, station_name) VALUES (319, 45.2379829322, 19.7380630427, 'FUTOG - NOVOSADSKA 6A');
INSERT INTO station (id_station, latitude, longitude, station_name) VALUES (320, 45.27472974, 19.8236837452, 'INDUSTRIJSKA - NOVKABEL');
INSERT INTO station (id_station, latitude, longitude, station_name) VALUES (321, 45.2541117451, 19.8248078801, 'NOVOSADSKOG SAJMA - BAZENI');
INSERT INTO station (id_station, latitude, longitude, station_name) VALUES (322, 45.2609612857, 19.8420940143, 'KISAČKA - VUKA KARADŽIĆA');
INSERT INTO station (id_station, latitude, longitude, station_name) VALUES (323, 45.2356763766, 19.7971920511, 'BRANKA ĆOPIĆA 42');
INSERT INTO station (id_station, latitude, longitude, station_name) VALUES (324, 45.2292476482, 19.8592274923, 'PETLJA MIŠELUK - TUNEL');
INSERT INTO station (id_station, latitude, longitude, station_name) VALUES (325, 45.28628095, 19.8256640401, 'SENTANDREJSKI PUT - OTOKARA KERŠOVANIJA');
INSERT INTO station (id_station, latitude, longitude, station_name) VALUES (326, 45.2455411191, 19.7043868376, 'FUTOG - GRMEČKA 86');
INSERT INTO station (id_station, latitude, longitude, station_name) VALUES (327, 45.2521192996, 19.8546993561, 'MAKSIMA GORKOG - KEJ');
INSERT INTO station (id_station, latitude, longitude, station_name) VALUES (328, 45.2475026928, 19.8055379367, 'FUTOŠKI PUT - GRAFIKA');
INSERT INTO station (id_station, latitude, longitude, station_name) VALUES (329, 45.2497997749, 19.7556811934, 'VETERNIK - MESNA ZAJEDNICA');
INSERT INTO station (id_station, latitude, longitude, station_name) VALUES (330, 45.2681204351, 19.8121474846, 'RUMENAČKI PUT - BENZINSKA PUMPA');
INSERT INTO station (id_station, latitude, longitude, station_name) VALUES (331, 45.2656954001, 19.8354809218, 'KISAČKA - BUL. JAŠE TOMIĆA');
INSERT INTO station (id_station, latitude, longitude, station_name) VALUES (332, 45.2378137228, 19.7269561488, 'FUTOG - BRAĆE BOŠNJAK - CARA LAZARA');
INSERT INTO station (id_station, latitude, longitude, station_name) VALUES (333, 45.2420582997, 19.8475310279, 'FRUŠKOGORSKA - NARODNOG FRONTA');
INSERT INTO station (id_station, latitude, longitude, station_name) VALUES (334, 45.2359280235, 19.7976007162, 'BRANKA ĆOPIĆA 43');
INSERT INTO station (id_station, latitude, longitude, station_name) VALUES (335, 45.2446632301, 19.809183123, 'VRŠAČKA - DOM ZDRAVLJA');
INSERT INTO station (id_station, latitude, longitude, station_name) VALUES (336, 45.2617554805, 19.8537375388, 'MARKA MILJANOVA - KVANTAŠKA PIJACA');
INSERT INTO station (id_station, latitude, longitude, station_name) VALUES (337, 45.2595710981, 19.758905971, 'VETERNIK - VOJVODE PUTNIKA 16');
INSERT INTO station (id_station, latitude, longitude, station_name) VALUES (338, 45.2416922806, 19.736319296, 'FUTOG - NOVOSADSKA - NIKOLE TESLE');
INSERT INTO station (id_station, latitude, longitude, station_name) VALUES (339, 45.2414349692, 19.6382594445, 'BEGEČ - NIKOLE TESLE - HEMIPRODUKT');
INSERT INTO station (id_station, latitude, longitude, station_name) VALUES (340, 45.2413029105, 19.8064595317, 'BUL. PATRIJAHA PAVLA - ILIRSKA');
INSERT INTO station (id_station, latitude, longitude, station_name) VALUES (341, 45.2522080286, 19.8377609655, 'JEVREJSKA - BUL. OSLOBOĐENJA');
INSERT INTO station (id_station, latitude, longitude, station_name) VALUES (342, 45.2413137447, 19.8302794061, 'BUL. CARA LAZARA - DOM ZDRAVLJA');
INSERT INTO station (id_station, latitude, longitude, station_name) VALUES (343, 45.2510679517, 19.8244972937, 'HAJDUK VELJKOVA - DEČIJA BOLNICA');
INSERT INTO station (id_station, latitude, longitude, station_name) VALUES (344, 45.2421433047, 19.8425582061, 'BUL. OSLOBOĐENJA - NARODNOG FRONTA');
INSERT INTO station (id_station, latitude, longitude, station_name) VALUES (345, 45.2492300271, 19.7572312271, 'VETERNIK - PRAVOSLAVNA CRKVA');
INSERT INTO station (id_station, latitude, longitude, station_name) VALUES (346, 45.249245, 19.748075, 'VETERNIK-BRAĆE TOKIN-OMLADINSKA');
INSERT INTO station (id_station, latitude, longitude, station_name) VALUES (347, 45.2330428141, 19.7869691233, 'BRANKA ĆOPĆA - SIME ŠOLAJE');
INSERT INTO station (id_station, latitude, longitude, station_name) VALUES (348, 45.234404245, 19.8139810465, 'KOTORSKA - BRAĆE MILADINOV');
INSERT INTO station (id_station, latitude, longitude, station_name) VALUES (349, 45.2518458292, 19.7902083832, 'BUL. KNEZA MILOŠA - MILEVE MARIĆ');
INSERT INTO station (id_station, latitude, longitude, station_name) VALUES (350, 45.2410451184, 19.710492541, 'FUTOG - RADE KONDIĆA - GRMEČKA');
INSERT INTO station (id_station, latitude, longitude, station_name) VALUES (351, 45.276429415, 19.8084575794, 'PUT N. PART. ODREDA - STANDARD');
INSERT INTO station (id_station, latitude, longitude, station_name) VALUES (352, 45.2376174322, 19.7257654306, 'FUTOG - CARA LAZARA - SVETOZARA MARKOVIĆA');
INSERT INTO station (id_station, latitude, longitude, station_name) VALUES (353, 45.2464017138, 19.87968712, 'PRERADOVIĆEVA - MARINA DRŽIĆA');
INSERT INTO station (id_station, latitude, longitude, station_name) VALUES (354, 45.284399498, 19.8089573695, 'PRIMORSKA - STOTEKS');
INSERT INTO station (id_station, latitude, longitude, station_name) VALUES (355, 45.2699333114, 19.84741502, 'BAJČI ŽILINSKOG - METALURGIJA');
INSERT INTO station (id_station, latitude, longitude, station_name) VALUES (356, 45.2409610249, 19.8076663846, 'BUL. PATRIJAHA PAVLA - S.KORNELIJA');
INSERT INTO station (id_station, latitude, longitude, station_name) VALUES (357, 45.2386179355, 19.7263493259, 'FUTOG - CARA LAZARA - BRAĆE BOŠNJAK');
INSERT INTO station (id_station, latitude, longitude, station_name) VALUES (358, 45.2325391031, 19.8588026936, 'KAMENIČKI PUT - RTV "NOVI SAD"');
INSERT INTO station (id_station, latitude, longitude, station_name) VALUES (359, 45.2658468595, 19.8589099487, 'BAJČI ŽILINSKOG - DANUBIUS');
INSERT INTO station (id_station, latitude, longitude, station_name) VALUES (360, 45.2442691715, 19.8252026974, 'CARA DUŠANA - MEDICINSKA ŠKOLA');
INSERT INTO station (id_station, latitude, longitude, station_name) VALUES (361, 45.2640112807, 19.8111852139, 'MILENKA GRČIĆA - BANATSKA');
INSERT INTO station (id_station, latitude, longitude, station_name) VALUES (362, 45.219476631, 19.8369754016, 'SR. KAMENICA - VOJINOVO - OKRETNICA');
INSERT INTO station (id_station, latitude, longitude, station_name) VALUES (363, 45.247816, 19.834396, 'MIŠE DIMITRIJEVIĆA - BRAĆE RIBNIKARA');
INSERT INTO station (id_station, latitude, longitude, station_name) VALUES (364, 45.280162797, 19.8687013766, 'PUT ŠAJKAŠKOG ODREDA - NAFTAGAS II');
INSERT INTO station (id_station, latitude, longitude, station_name) VALUES (365, 45.2367746797, 19.7132550269, 'FUTOG - CARA LAZARA - BRANKA RADIČEVIĆA');
INSERT INTO station (id_station, latitude, longitude, station_name) VALUES (366, 45.2789707304, 19.8236452555, 'INDUSTRIJSKA - MAŠINOREMONT');
INSERT INTO station (id_station, latitude, longitude, station_name) VALUES (367, 45.2632551971, 19.8390209306, 'KISAČKA - DOSITEJEVA');
INSERT INTO station (id_station, latitude, longitude, station_name) VALUES (368, 45.2439233024, 19.8814113961, 'PRERADOVIĆEVA - BOŽIDAR ADŽIJE');
INSERT INTO station (id_station, latitude, longitude, station_name) VALUES (369, 45.2620111469, 19.8135399393, 'KORNELIJA STANKOVIĆA - ILIJE BIRČANINA');
INSERT INTO station (id_station, latitude, longitude, station_name) VALUES (370, 45.240414, 19.822391, 'BULEVAR EVROPE - ARANJ JANOŠA');
INSERT INTO station (id_station, latitude, longitude, station_name) VALUES (371, 45.2403667659, 19.8253952094, 'CARA DUŠANA - BUL. CARA LAZARA');
INSERT INTO station (id_station, latitude, longitude, station_name) VALUES (372, 45.2514125025, 19.8515882207, 'MAKSIMA GORKOG - STEVANA MUSIĆA');
INSERT INTO station (id_station, latitude, longitude, station_name) VALUES (373, 45.2380737883, 19.7020530703, 'FUTOG - CARA LAZARA 8');
INSERT INTO station (id_station, latitude, longitude, station_name) VALUES (374, 45.2410597438, 19.6278103336, 'BEGEČ - PARTIZANSKA - STADION');
INSERT INTO station (id_station, latitude, longitude, station_name) VALUES (375, 45.2649285714, 19.8083164398, 'JANKA ČMELIKA - OBLAČIĆA RADA');
INSERT INTO station (id_station, latitude, longitude, station_name) VALUES (376, 45.211851059, 19.8492496488, 'KAMENICA - ČARDAK - OKRETNICA');
INSERT INTO station (id_station, latitude, longitude, station_name) VALUES (377, 45.2547734365, 19.8620128358, 'BEOGRADSKA - LISINSKOG');
INSERT INTO station (id_station, latitude, longitude, station_name) VALUES (378, 45.241629, 19.690560, 'FUTOG - SONJE MARINKOVIĆ - SIME ŠOLAJE');
INSERT INTO station (id_station, latitude, longitude, station_name) VALUES (379, 45.2408800594, 19.8107038207, 'BUL. PATRIJAHA PAVLA - VRŠAČKA');
INSERT INTO station (id_station, latitude, longitude, station_name) VALUES (380, 45.2403907599, 19.811146825, 'FEJEŠ KLARE - BUL. PATRIJAHA PAVLA');
INSERT INTO station (id_station, latitude, longitude, station_name) VALUES (381, 45.24628254, 19.8010162498, 'FUTOŠKI PUT - SATELITSKA PIJACA');
INSERT INTO station (id_station, latitude, longitude, station_name) VALUES (382, 45.225647727, 19.8783438044, 'PUT NOVI SAD - RUMA - ALIBEGOVAC');
INSERT INTO station (id_station, latitude, longitude, station_name) VALUES (383, 45.2485623853, 19.815564749, 'FUTOŠKA - BULEVAR EVROPE');
INSERT INTO station (id_station, latitude, longitude, station_name) VALUES (384, 45.2548499029, 19.8422463011, 'USPENSKA - POZORIŠNI TRG');
INSERT INTO station (id_station, latitude, longitude, station_name) VALUES (385, 45.2542765403, 19.8530960428, 'BUL. MIHAJLA PUPINA - SONJE MARINKOVIĆ');
INSERT INTO station (id_station, latitude, longitude, station_name) VALUES (386, 45.2257504705, 19.8481049154, 'SR. KAMENICA - PETRA KOČIĆA');


INSERT INTO city_line (id_city_line, city_line_type, name) VALUES (1, 'BUS', '1A -> KLISA - CENTAR - LIMAN I');
INSERT INTO city_line (id_city_line, city_line_type, name) VALUES (2, 'BUS', '1B -> LIMAN I - CENTAR - KLISA');
INSERT INTO city_line (id_city_line, city_line_type, name) VALUES (3, 'BUS', '2A -> CENTAR - NOVO NASELJE');
INSERT INTO city_line (id_city_line, city_line_type, name) VALUES (4, 'BUS', '2B -> NOVO NASELJE - CENTAR');
INSERT INTO city_line (id_city_line, city_line_type, name) VALUES (5, 'BUS', '3A -> PETROVARADIN - CENTAR - DETELINARA');
INSERT INTO city_line (id_city_line, city_line_type, name) VALUES (6, 'BUS', '3B -> DETELINARA - CENTAR - PETROVARADIN');
INSERT INTO city_line (id_city_line, city_line_type, name) VALUES (7, 'BUS', '4A -> LIMAN IV - CENTAR - ŽELEZNIČKA STANICA');
INSERT INTO city_line (id_city_line, city_line_type, name) VALUES (8, 'BUS', '4B -> ŽELEZNIČKA STANICA - CENTAR - LIMAN IV');
INSERT INTO city_line (id_city_line, city_line_type, name) VALUES (9, 'BUS', '5A -> TEMERINSKI PUT - CENTAR - AVIJATIČARSKO NASELJE');
INSERT INTO city_line (id_city_line, city_line_type, name) VALUES (10, 'BUS', '5B -> AVIJATIČARSKO NASELJE - CENTAR - TEMERINSKI PUT');
INSERT INTO city_line (id_city_line, city_line_type, name) VALUES (11, 'BUS', '6A -> PODBARA - ADICE');
INSERT INTO city_line (id_city_line, city_line_type, name) VALUES (12, 'BUS', '6B -> ADICE - PODBARA');
INSERT INTO city_line (id_city_line, city_line_type, name) VALUES (13, 'BUS', '7A -> NOVO NASELJE - ŽELEZNIČKA STANICA - LIMAN IV - NOVO NASELJE');
INSERT INTO city_line (id_city_line, city_line_type, name) VALUES (14, 'BUS', '7B -> NOVO NASELJE - LIMAN IV - ŽELEZNIČKA STANICA - NOVO NASELJE');
INSERT INTO city_line (id_city_line, city_line_type, name) VALUES (15, 'BUS', '8A -> NOVO NASELJE - CENTAR - LIMAN I');
INSERT INTO city_line (id_city_line, city_line_type, name) VALUES (16, 'BUS', '8B -> LIMAN I - CENTAR - NOVO NASELJE');
INSERT INTO city_line (id_city_line, city_line_type, name) VALUES (17, 'BUS', '9A -> NOVO NASELJE - LIMAN - PETROVARADIN');
INSERT INTO city_line (id_city_line, city_line_type, name) VALUES (18, 'BUS', '9B -> PETROVARADIN - LIMAN - NOVO NASELJE');
INSERT INTO city_line (id_city_line, city_line_type, name) VALUES (19, 'BUS', '10A -> CENTAR - INDUSTRIJSKA ZONA JUG');
INSERT INTO city_line (id_city_line, city_line_type, name) VALUES (20, 'BUS', '10B -> INDUSTRIJSKA ZONA JUG - CENTAR');
INSERT INTO city_line (id_city_line, city_line_type, name) VALUES (21, 'BUS', '11A -> ŽELEZNIČKA STANICA - BOLNICA - LIMAN - ŽELEZNIČKA STANICA');
INSERT INTO city_line (id_city_line, city_line_type, name) VALUES (22, 'BUS', '11B -> ŽELEZNIČKA STANICA - LIMAN - BOLNICA - ŽELEZNIČKA STANICA');
INSERT INTO city_line (id_city_line, city_line_type, name) VALUES (23, 'BUS', '12A -> CENTAR - TELEP');
INSERT INTO city_line (id_city_line, city_line_type, name) VALUES (24, 'BUS', '12B -> TELEP - CENTAR');
INSERT INTO city_line (id_city_line, city_line_type, name) VALUES (25, 'BUS', '13A -> DETELINARA - GRBAVICA - UNIVERZITET');
INSERT INTO city_line (id_city_line, city_line_type, name) VALUES (26, 'BUS', '13B -> UNIVERZITET - GRBAVICA - DETELINARA');
INSERT INTO city_line (id_city_line, city_line_type, name) VALUES (27, 'BUS', '14A -> CENTAR - SAJLOVO');
INSERT INTO city_line (id_city_line, city_line_type, name) VALUES (28, 'BUS', '14B -> SAJLOVO - CENTAR');
INSERT INTO city_line (id_city_line, city_line_type, name) VALUES (29, 'BUS', '15A -> CENTAR - INDUSTRIJSKA ZONA SEVER');
INSERT INTO city_line (id_city_line, city_line_type, name) VALUES (30, 'BUS', '15B -> INDUSTRIJSKA ZONA SEVER - CENTAR');
INSERT INTO city_line (id_city_line, city_line_type, name) VALUES (31, 'BUS', '16A -> ŽELEZNIČKA STANICA - PRISTANIŠNA ZONA');
INSERT INTO city_line (id_city_line, city_line_type, name) VALUES (32, 'BUS', '16B -> PRISTANIŠNA ZONA - ŽELEZNIČKA STANICA');
INSERT INTO city_line (id_city_line, city_line_type, name) VALUES (33, 'BUS', '17A -> BIG CENTAR - CENTAR- ŽELEZNIČKA STANICA - BIG CENTAR');
INSERT INTO city_line (id_city_line, city_line_type, name) VALUES (34, 'BUS', '21A -> NOVI SAD (Ž.S.) - ŠANGAJ');
INSERT INTO city_line (id_city_line, city_line_type, name) VALUES (35, 'BUS', '21B -> ŠANGAJ - NOVI SAD (Ž.S.)');
INSERT INTO city_line (id_city_line, city_line_type, name) VALUES (36, 'BUS', '68A -> NOVI SAD (Ž.S.) - SREMSKA  KAMENICA (VOJINOVO)');
INSERT INTO city_line (id_city_line, city_line_type, name) VALUES (37, 'BUS', '68B -> SREMSKA KAMENICA (VOJINOVO) - NOVI SAD (Ž.S.)');
INSERT INTO city_line (id_city_line, city_line_type, name) VALUES (38, 'BUS', '69A -> NOVI SAD (Ž.S.) - SREMSKA KAMENICA (ČARDAK)');
INSERT INTO city_line (id_city_line, city_line_type, name) VALUES (39, 'BUS', '69B -> SREMSKA KAMENICA (ČARDAK) - NOVI SAD (Ž.S.)');
INSERT INTO city_line (id_city_line, city_line_type, name) VALUES (40, 'BUS', '71A -> NOVI SAD (Ž.S.) - SREMSKA KAMENICA (BOCKE)');
INSERT INTO city_line (id_city_line, city_line_type, name) VALUES (41, 'BUS', '71B -> SREMSKA KAMENICA (BOCKE) - NOVI SAD (Ž.S.)');
INSERT INTO city_line (id_city_line, city_line_type, name) VALUES (42, 'BUS', '18A -> NOVO NASELJE – DETELINARA – CENTAR – LIMAN – NOVO NASELJE');
INSERT INTO city_line (id_city_line, city_line_type, name) VALUES (43, 'BUS', '18B -> NOVO NASELJE – LIMAN – CENTAR - DETELINARA – NOVO NASELJE');
INSERT INTO city_line (id_city_line, city_line_type, name) VALUES (44, 'BUS', '52A -> NOVI SAD (Ž.S.) - VETERNIK');
INSERT INTO city_line (id_city_line, city_line_type, name) VALUES (45, 'BUS', '52B -> VETERNIK - NOVI SAD (Ž.S.)');
INSERT INTO city_line (id_city_line, city_line_type, name) VALUES (46, 'BUS', '53A -> NOVI SAD (Ž.S.) - FUTOG STARI');
INSERT INTO city_line (id_city_line, city_line_type, name) VALUES (47, 'BUS', '53B -> FUTOG  STARI - NOVI SAD (Ž.S.)');
INSERT INTO city_line (id_city_line, city_line_type, name) VALUES (48, 'BUS', '54A -> NOVI SAD (Ž.S.) - FUTOG (GRMEČKA)');
INSERT INTO city_line (id_city_line, city_line_type, name) VALUES (49, 'BUS', '54B -> FUTOG (GRMEČKA) - NOVI SAD (Ž.S.)');
INSERT INTO city_line (id_city_line, city_line_type, name) VALUES (50, 'BUS', '55A -> NOVI SAD (Ž.S.) - FUTOG (BRAĆE BOŠNJAK)');
INSERT INTO city_line (id_city_line, city_line_type, name) VALUES (51, 'BUS', '55B -> FUTOG (BRAĆE BOŠNJAK) - NOVI SAD (Ž.S.)');
INSERT INTO city_line (id_city_line, city_line_type, name) VALUES (52, 'BUS', '56A -> NOVI SAD (Ž.S.) - BEGEČ');
INSERT INTO city_line (id_city_line, city_line_type, name) VALUES (53, 'BUS', '56B -> BEGEČ - NOVI SAD (Ž.S.)');


INSERT INTO city_line_station (id_city_line_station, relative_position, fk_id_city_line, fk_id_station) VALUES (1, 0, 19, 254);
INSERT INTO city_line_station (id_city_line_station, relative_position, fk_id_city_line, fk_id_station) VALUES (2, 1, 19, 75);
INSERT INTO city_line_station (id_city_line_station, relative_position, fk_id_city_line, fk_id_station) VALUES (3, 2, 19, 106);
INSERT INTO city_line_station (id_city_line_station, relative_position, fk_id_city_line, fk_id_station) VALUES (4, 3, 19, 209);
INSERT INTO city_line_station (id_city_line_station, relative_position, fk_id_city_line, fk_id_station) VALUES (5, 4, 19, 295);
INSERT INTO city_line_station (id_city_line_station, relative_position, fk_id_city_line, fk_id_station) VALUES (6, 5, 19, 125);
INSERT INTO city_line_station (id_city_line_station, relative_position, fk_id_city_line, fk_id_station) VALUES (7, 6, 19, 229);
INSERT INTO city_line_station (id_city_line_station, relative_position, fk_id_city_line, fk_id_station) VALUES (8, 7, 19, 320);
INSERT INTO city_line_station (id_city_line_station, relative_position, fk_id_city_line, fk_id_station) VALUES (9, 8, 19, 300);
INSERT INTO city_line_station (id_city_line_station, relative_position, fk_id_city_line, fk_id_station) VALUES (10, 9, 19, 351);
INSERT INTO city_line_station (id_city_line_station, relative_position, fk_id_city_line, fk_id_station) VALUES (11, 10, 19, 35);
INSERT INTO city_line_station (id_city_line_station, relative_position, fk_id_city_line, fk_id_station) VALUES (12, 0, 48, 120);
INSERT INTO city_line_station (id_city_line_station, relative_position, fk_id_city_line, fk_id_station) VALUES (13, 1, 48, 151);
INSERT INTO city_line_station (id_city_line_station, relative_position, fk_id_city_line, fk_id_station) VALUES (14, 2, 48, 383);
INSERT INTO city_line_station (id_city_line_station, relative_position, fk_id_city_line, fk_id_station) VALUES (15, 3, 48, 328);
INSERT INTO city_line_station (id_city_line_station, relative_position, fk_id_city_line, fk_id_station) VALUES (16, 4, 48, 157);
INSERT INTO city_line_station (id_city_line_station, relative_position, fk_id_city_line, fk_id_station) VALUES (17, 5, 48, 329);
INSERT INTO city_line_station (id_city_line_station, relative_position, fk_id_city_line, fk_id_station) VALUES (18, 6, 48, 252);
INSERT INTO city_line_station (id_city_line_station, relative_position, fk_id_city_line, fk_id_station) VALUES (19, 7, 48, 64);
INSERT INTO city_line_station (id_city_line_station, relative_position, fk_id_city_line, fk_id_station) VALUES (20, 8, 48, 94);
INSERT INTO city_line_station (id_city_line_station, relative_position, fk_id_city_line, fk_id_station) VALUES (21, 9, 48, 326);
INSERT INTO city_line_station (id_city_line_station, relative_position, fk_id_city_line, fk_id_station) VALUES (22, 10, 48, 299);
INSERT INTO city_line_station (id_city_line_station, relative_position, fk_id_city_line, fk_id_station) VALUES (23, 0, 20, 35);
INSERT INTO city_line_station (id_city_line_station, relative_position, fk_id_city_line, fk_id_station) VALUES (24, 1, 20, 279);
INSERT INTO city_line_station (id_city_line_station, relative_position, fk_id_city_line, fk_id_station) VALUES (25, 2, 20, 193);
INSERT INTO city_line_station (id_city_line_station, relative_position, fk_id_city_line, fk_id_station) VALUES (26, 3, 20, 141);
INSERT INTO city_line_station (id_city_line_station, relative_position, fk_id_city_line, fk_id_station) VALUES (27, 4, 20, 366);
INSERT INTO city_line_station (id_city_line_station, relative_position, fk_id_city_line, fk_id_station) VALUES (28, 5, 20, 219);
INSERT INTO city_line_station (id_city_line_station, relative_position, fk_id_city_line, fk_id_station) VALUES (29, 6, 20, 196);
INSERT INTO city_line_station (id_city_line_station, relative_position, fk_id_city_line, fk_id_station) VALUES (30, 7, 20, 232);
INSERT INTO city_line_station (id_city_line_station, relative_position, fk_id_city_line, fk_id_station) VALUES (31, 8, 20, 341);
INSERT INTO city_line_station (id_city_line_station, relative_position, fk_id_city_line, fk_id_station) VALUES (32, 9, 20, 66);
INSERT INTO city_line_station (id_city_line_station, relative_position, fk_id_city_line, fk_id_station) VALUES (33, 10, 20, 384);
INSERT INTO city_line_station (id_city_line_station, relative_position, fk_id_city_line, fk_id_station) VALUES (34, 0, 49, 299);
INSERT INTO city_line_station (id_city_line_station, relative_position, fk_id_city_line, fk_id_station) VALUES (35, 1, 49, 150);
INSERT INTO city_line_station (id_city_line_station, relative_position, fk_id_city_line, fk_id_station) VALUES (36, 2, 49, 350);
INSERT INTO city_line_station (id_city_line_station, relative_position, fk_id_city_line, fk_id_station) VALUES (37, 3, 49, 73);
INSERT INTO city_line_station (id_city_line_station, relative_position, fk_id_city_line, fk_id_station) VALUES (38, 4, 49, 293);
INSERT INTO city_line_station (id_city_line_station, relative_position, fk_id_city_line, fk_id_station) VALUES (39, 5, 49, 272);
INSERT INTO city_line_station (id_city_line_station, relative_position, fk_id_city_line, fk_id_station) VALUES (40, 6, 49, 145);
INSERT INTO city_line_station (id_city_line_station, relative_position, fk_id_city_line, fk_id_station) VALUES (41, 7, 49, 249);
INSERT INTO city_line_station (id_city_line_station, relative_position, fk_id_city_line, fk_id_station) VALUES (42, 8, 49, 345);
INSERT INTO city_line_station (id_city_line_station, relative_position, fk_id_city_line, fk_id_station) VALUES (43, 9, 49, 67);
INSERT INTO city_line_station (id_city_line_station, relative_position, fk_id_city_line, fk_id_station) VALUES (44, 10, 49, 95);
INSERT INTO city_line_station (id_city_line_station, relative_position, fk_id_city_line, fk_id_station) VALUES (45, 11, 49, 273);
INSERT INTO city_line_station (id_city_line_station, relative_position, fk_id_city_line, fk_id_station) VALUES (46, 12, 49, 16);
INSERT INTO city_line_station (id_city_line_station, relative_position, fk_id_city_line, fk_id_station) VALUES (47, 13, 49, 107);
INSERT INTO city_line_station (id_city_line_station, relative_position, fk_id_city_line, fk_id_station) VALUES (48, 14, 49, 264);
INSERT INTO city_line_station (id_city_line_station, relative_position, fk_id_city_line, fk_id_station) VALUES (49, 15, 49, 226);
INSERT INTO city_line_station (id_city_line_station, relative_position, fk_id_city_line, fk_id_station) VALUES (50, 16, 49, 246);
INSERT INTO city_line_station (id_city_line_station, relative_position, fk_id_city_line, fk_id_station) VALUES (51, 17, 49, 381);
INSERT INTO city_line_station (id_city_line_station, relative_position, fk_id_city_line, fk_id_station) VALUES (52, 18, 49, 96);
INSERT INTO city_line_station (id_city_line_station, relative_position, fk_id_city_line, fk_id_station) VALUES (53, 19, 49, 124);
INSERT INTO city_line_station (id_city_line_station, relative_position, fk_id_city_line, fk_id_station) VALUES (54, 20, 49, 79);
INSERT INTO city_line_station (id_city_line_station, relative_position, fk_id_city_line, fk_id_station) VALUES (55, 21, 49, 75);
INSERT INTO city_line_station (id_city_line_station, relative_position, fk_id_city_line, fk_id_station) VALUES (56, 22, 49, 38);
INSERT INTO city_line_station (id_city_line_station, relative_position, fk_id_city_line, fk_id_station) VALUES (57, 0, 15, 262);
INSERT INTO city_line_station (id_city_line_station, relative_position, fk_id_city_line, fk_id_station) VALUES (58, 1, 15, 333);
INSERT INTO city_line_station (id_city_line_station, relative_position, fk_id_city_line, fk_id_station) VALUES (59, 2, 15, 165);
INSERT INTO city_line_station (id_city_line_station, relative_position, fk_id_city_line, fk_id_station) VALUES (60, 3, 15, 108);
INSERT INTO city_line_station (id_city_line_station, relative_position, fk_id_city_line, fk_id_station) VALUES (61, 4, 15, 322);
INSERT INTO city_line_station (id_city_line_station, relative_position, fk_id_city_line, fk_id_station) VALUES (62, 5, 15, 169);
INSERT INTO city_line_station (id_city_line_station, relative_position, fk_id_city_line, fk_id_station) VALUES (63, 6, 15, 317);
INSERT INTO city_line_station (id_city_line_station, relative_position, fk_id_city_line, fk_id_station) VALUES (64, 7, 15, 297);
INSERT INTO city_line_station (id_city_line_station, relative_position, fk_id_city_line, fk_id_station) VALUES (65, 8, 15, 60);
INSERT INTO city_line_station (id_city_line_station, relative_position, fk_id_city_line, fk_id_station) VALUES (66, 9, 15, 182);
INSERT INTO city_line_station (id_city_line_station, relative_position, fk_id_city_line, fk_id_station) VALUES (67, 10, 15, 179);
INSERT INTO city_line_station (id_city_line_station, relative_position, fk_id_city_line, fk_id_station) VALUES (68, 11, 15, 121);
INSERT INTO city_line_station (id_city_line_station, relative_position, fk_id_city_line, fk_id_station) VALUES (69, 12, 15, 25);
INSERT INTO city_line_station (id_city_line_station, relative_position, fk_id_city_line, fk_id_station) VALUES (70, 13, 15, 18);
INSERT INTO city_line_station (id_city_line_station, relative_position, fk_id_city_line, fk_id_station) VALUES (71, 14, 15, 135);
INSERT INTO city_line_station (id_city_line_station, relative_position, fk_id_city_line, fk_id_station) VALUES (72, 15, 15, 288);
INSERT INTO city_line_station (id_city_line_station, relative_position, fk_id_city_line, fk_id_station) VALUES (73, 16, 15, 284);
INSERT INTO city_line_station (id_city_line_station, relative_position, fk_id_city_line, fk_id_station) VALUES (74, 17, 15, 139);
INSERT INTO city_line_station (id_city_line_station, relative_position, fk_id_city_line, fk_id_station) VALUES (75, 18, 15, 255);
INSERT INTO city_line_station (id_city_line_station, relative_position, fk_id_city_line, fk_id_station) VALUES (76, 0, 16, 184);
INSERT INTO city_line_station (id_city_line_station, relative_position, fk_id_city_line, fk_id_station) VALUES (77, 1, 16, 14);
INSERT INTO city_line_station (id_city_line_station, relative_position, fk_id_city_line, fk_id_station) VALUES (78, 2, 16, 280);
INSERT INTO city_line_station (id_city_line_station, relative_position, fk_id_city_line, fk_id_station) VALUES (79, 3, 16, 98);
INSERT INTO city_line_station (id_city_line_station, relative_position, fk_id_city_line, fk_id_station) VALUES (80, 4, 16, 101);
INSERT INTO city_line_station (id_city_line_station, relative_position, fk_id_city_line, fk_id_station) VALUES (81, 5, 16, 277);
INSERT INTO city_line_station (id_city_line_station, relative_position, fk_id_city_line, fk_id_station) VALUES (82, 6, 16, 116);
INSERT INTO city_line_station (id_city_line_station, relative_position, fk_id_city_line, fk_id_station) VALUES (83, 7, 16, 248);
INSERT INTO city_line_station (id_city_line_station, relative_position, fk_id_city_line, fk_id_station) VALUES (84, 8, 16, 245);
INSERT INTO city_line_station (id_city_line_station, relative_position, fk_id_city_line, fk_id_station) VALUES (85, 9, 16, 131);
INSERT INTO city_line_station (id_city_line_station, relative_position, fk_id_city_line, fk_id_station) VALUES (86, 10, 16, 32);
INSERT INTO city_line_station (id_city_line_station, relative_position, fk_id_city_line, fk_id_station) VALUES (87, 11, 16, 130);
INSERT INTO city_line_station (id_city_line_station, relative_position, fk_id_city_line, fk_id_station) VALUES (88, 12, 16, 291);
INSERT INTO city_line_station (id_city_line_station, relative_position, fk_id_city_line, fk_id_station) VALUES (89, 13, 16, 349);
INSERT INTO city_line_station (id_city_line_station, relative_position, fk_id_city_line, fk_id_station) VALUES (90, 0, 7, 38);
INSERT INTO city_line_station (id_city_line_station, relative_position, fk_id_city_line, fk_id_station) VALUES (91, 1, 7, 75);
INSERT INTO city_line_station (id_city_line_station, relative_position, fk_id_city_line, fk_id_station) VALUES (92, 2, 7, 254);
INSERT INTO city_line_station (id_city_line_station, relative_position, fk_id_city_line, fk_id_station) VALUES (93, 3, 7, 115);
INSERT INTO city_line_station (id_city_line_station, relative_position, fk_id_city_line, fk_id_station) VALUES (94, 4, 7, 98);
INSERT INTO city_line_station (id_city_line_station, relative_position, fk_id_city_line, fk_id_station) VALUES (95, 5, 7, 280);
INSERT INTO city_line_station (id_city_line_station, relative_position, fk_id_city_line, fk_id_station) VALUES (96, 6, 7, 14);
INSERT INTO city_line_station (id_city_line_station, relative_position, fk_id_city_line, fk_id_station) VALUES (97, 7, 7, 184);
INSERT INTO city_line_station (id_city_line_station, relative_position, fk_id_city_line, fk_id_station) VALUES (98, 8, 7, 309);
INSERT INTO city_line_station (id_city_line_station, relative_position, fk_id_city_line, fk_id_station) VALUES (99, 9, 7, 17);
INSERT INTO city_line_station (id_city_line_station, relative_position, fk_id_city_line, fk_id_station) VALUES (100, 10, 7, 311);
INSERT INTO city_line_station (id_city_line_station, relative_position, fk_id_city_line, fk_id_station) VALUES (101, 11, 7, 3);
INSERT INTO city_line_station (id_city_line_station, relative_position, fk_id_city_line, fk_id_station) VALUES (102, 0, 8, 99);
INSERT INTO city_line_station (id_city_line_station, relative_position, fk_id_city_line, fk_id_station) VALUES (103, 1, 8, 66);
INSERT INTO city_line_station (id_city_line_station, relative_position, fk_id_city_line, fk_id_station) VALUES (104, 2, 8, 341);
INSERT INTO city_line_station (id_city_line_station, relative_position, fk_id_city_line, fk_id_station) VALUES (105, 3, 8, 108);
INSERT INTO city_line_station (id_city_line_station, relative_position, fk_id_city_line, fk_id_station) VALUES (106, 4, 8, 165);
INSERT INTO city_line_station (id_city_line_station, relative_position, fk_id_city_line, fk_id_station) VALUES (107, 5, 8, 224);
INSERT INTO city_line_station (id_city_line_station, relative_position, fk_id_city_line, fk_id_station) VALUES (108, 0, 29, 254);
INSERT INTO city_line_station (id_city_line_station, relative_position, fk_id_city_line, fk_id_station) VALUES (109, 1, 29, 75);
INSERT INTO city_line_station (id_city_line_station, relative_position, fk_id_city_line, fk_id_station) VALUES (110, 2, 29, 163);
INSERT INTO city_line_station (id_city_line_station, relative_position, fk_id_city_line, fk_id_station) VALUES (111, 3, 29, 270);
INSERT INTO city_line_station (id_city_line_station, relative_position, fk_id_city_line, fk_id_station) VALUES (112, 4, 29, 93);
INSERT INTO city_line_station (id_city_line_station, relative_position, fk_id_city_line, fk_id_station) VALUES (113, 5, 29, 70);
INSERT INTO city_line_station (id_city_line_station, relative_position, fk_id_city_line, fk_id_station) VALUES (114, 6, 29, 138);
INSERT INTO city_line_station (id_city_line_station, relative_position, fk_id_city_line, fk_id_station) VALUES (115, 7, 29, 354);
INSERT INTO city_line_station (id_city_line_station, relative_position, fk_id_city_line, fk_id_station) VALUES (116, 8, 29, 238);
INSERT INTO city_line_station (id_city_line_station, relative_position, fk_id_city_line, fk_id_station) VALUES (117, 0, 30, 132);
INSERT INTO city_line_station (id_city_line_station, relative_position, fk_id_city_line, fk_id_station) VALUES (118, 1, 30, 166);
INSERT INTO city_line_station (id_city_line_station, relative_position, fk_id_city_line, fk_id_station) VALUES (119, 2, 30, 203);
INSERT INTO city_line_station (id_city_line_station, relative_position, fk_id_city_line, fk_id_station) VALUES (120, 3, 30, 239);
INSERT INTO city_line_station (id_city_line_station, relative_position, fk_id_city_line, fk_id_station) VALUES (121, 4, 30, 281);
INSERT INTO city_line_station (id_city_line_station, relative_position, fk_id_city_line, fk_id_station) VALUES (122, 5, 30, 178);
INSERT INTO city_line_station (id_city_line_station, relative_position, fk_id_city_line, fk_id_station) VALUES (123, 6, 30, 77);
INSERT INTO city_line_station (id_city_line_station, relative_position, fk_id_city_line, fk_id_station) VALUES (124, 7, 30, 222);
INSERT INTO city_line_station (id_city_line_station, relative_position, fk_id_city_line, fk_id_station) VALUES (125, 8, 30, 257);
INSERT INTO city_line_station (id_city_line_station, relative_position, fk_id_city_line, fk_id_station) VALUES (126, 9, 30, 29);
INSERT INTO city_line_station (id_city_line_station, relative_position, fk_id_city_line, fk_id_station) VALUES (127, 10, 30, 232);
INSERT INTO city_line_station (id_city_line_station, relative_position, fk_id_city_line, fk_id_station) VALUES (128, 11, 30, 341);
INSERT INTO city_line_station (id_city_line_station, relative_position, fk_id_city_line, fk_id_station) VALUES (129, 12, 30, 66);
INSERT INTO city_line_station (id_city_line_station, relative_position, fk_id_city_line, fk_id_station) VALUES (130, 13, 30, 384);
INSERT INTO city_line_station (id_city_line_station, relative_position, fk_id_city_line, fk_id_station) VALUES (131, 0, 21, 209);
INSERT INTO city_line_station (id_city_line_station, relative_position, fk_id_city_line, fk_id_station) VALUES (132, 1, 21, 4);
INSERT INTO city_line_station (id_city_line_station, relative_position, fk_id_city_line, fk_id_station) VALUES (133, 2, 21, 206);
INSERT INTO city_line_station (id_city_line_station, relative_position, fk_id_city_line, fk_id_station) VALUES (134, 3, 21, 167);
INSERT INTO city_line_station (id_city_line_station, relative_position, fk_id_city_line, fk_id_station) VALUES (135, 4, 21, 236);
INSERT INTO city_line_station (id_city_line_station, relative_position, fk_id_city_line, fk_id_station) VALUES (136, 5, 21, 187);
INSERT INTO city_line_station (id_city_line_station, relative_position, fk_id_city_line, fk_id_station) VALUES (137, 6, 21, 311);
INSERT INTO city_line_station (id_city_line_station, relative_position, fk_id_city_line, fk_id_station) VALUES (138, 7, 21, 3);
INSERT INTO city_line_station (id_city_line_station, relative_position, fk_id_city_line, fk_id_station) VALUES (139, 8, 21, 309);
INSERT INTO city_line_station (id_city_line_station, relative_position, fk_id_city_line, fk_id_station) VALUES (140, 9, 21, 17);
INSERT INTO city_line_station (id_city_line_station, relative_position, fk_id_city_line, fk_id_station) VALUES (141, 10, 21, 184);
INSERT INTO city_line_station (id_city_line_station, relative_position, fk_id_city_line, fk_id_station) VALUES (142, 11, 21, 14);
INSERT INTO city_line_station (id_city_line_station, relative_position, fk_id_city_line, fk_id_station) VALUES (143, 12, 21, 372);
INSERT INTO city_line_station (id_city_line_station, relative_position, fk_id_city_line, fk_id_station) VALUES (144, 13, 21, 327);
INSERT INTO city_line_station (id_city_line_station, relative_position, fk_id_city_line, fk_id_station) VALUES (145, 14, 21, 197);
INSERT INTO city_line_station (id_city_line_station, relative_position, fk_id_city_line, fk_id_station) VALUES (146, 15, 21, 336);
INSERT INTO city_line_station (id_city_line_station, relative_position, fk_id_city_line, fk_id_station) VALUES (147, 16, 21, 227);
INSERT INTO city_line_station (id_city_line_station, relative_position, fk_id_city_line, fk_id_station) VALUES (148, 17, 21, 233);
INSERT INTO city_line_station (id_city_line_station, relative_position, fk_id_city_line, fk_id_station) VALUES (149, 18, 21, 26);
INSERT INTO city_line_station (id_city_line_station, relative_position, fk_id_city_line, fk_id_station) VALUES (150, 19, 21, 38);
INSERT INTO city_line_station (id_city_line_station, relative_position, fk_id_city_line, fk_id_station) VALUES (151, 20, 21, 106);
INSERT INTO city_line_station (id_city_line_station, relative_position, fk_id_city_line, fk_id_station) VALUES (152, 0, 50, 120);
INSERT INTO city_line_station (id_city_line_station, relative_position, fk_id_city_line, fk_id_station) VALUES (153, 1, 50, 151);
INSERT INTO city_line_station (id_city_line_station, relative_position, fk_id_city_line, fk_id_station) VALUES (154, 2, 50, 383);
INSERT INTO city_line_station (id_city_line_station, relative_position, fk_id_city_line, fk_id_station) VALUES (155, 3, 50, 328);
INSERT INTO city_line_station (id_city_line_station, relative_position, fk_id_city_line, fk_id_station) VALUES (156, 4, 50, 157);
INSERT INTO city_line_station (id_city_line_station, relative_position, fk_id_city_line, fk_id_station) VALUES (157, 5, 50, 329);
INSERT INTO city_line_station (id_city_line_station, relative_position, fk_id_city_line, fk_id_station) VALUES (158, 6, 50, 252);
INSERT INTO city_line_station (id_city_line_station, relative_position, fk_id_city_line, fk_id_station) VALUES (159, 7, 50, 64);
INSERT INTO city_line_station (id_city_line_station, relative_position, fk_id_city_line, fk_id_station) VALUES (160, 8, 50, 5);
INSERT INTO city_line_station (id_city_line_station, relative_position, fk_id_city_line, fk_id_station) VALUES (161, 9, 50, 74);
INSERT INTO city_line_station (id_city_line_station, relative_position, fk_id_city_line, fk_id_station) VALUES (162, 10, 50, 319);
INSERT INTO city_line_station (id_city_line_station, relative_position, fk_id_city_line, fk_id_station) VALUES (163, 11, 50, 34);
INSERT INTO city_line_station (id_city_line_station, relative_position, fk_id_city_line, fk_id_station) VALUES (164, 12, 50, 352);
INSERT INTO city_line_station (id_city_line_station, relative_position, fk_id_city_line, fk_id_station) VALUES (165, 13, 50, 57);
INSERT INTO city_line_station (id_city_line_station, relative_position, fk_id_city_line, fk_id_station) VALUES (166, 14, 50, 365);
INSERT INTO city_line_station (id_city_line_station, relative_position, fk_id_city_line, fk_id_station) VALUES (167, 15, 50, 186);
INSERT INTO city_line_station (id_city_line_station, relative_position, fk_id_city_line, fk_id_station) VALUES (168, 16, 50, 312);
INSERT INTO city_line_station (id_city_line_station, relative_position, fk_id_city_line, fk_id_station) VALUES (169, 17, 50, 119);
INSERT INTO city_line_station (id_city_line_station, relative_position, fk_id_city_line, fk_id_station) VALUES (170, 18, 50, 172);
INSERT INTO city_line_station (id_city_line_station, relative_position, fk_id_city_line, fk_id_station) VALUES (171, 19, 50, 283);
INSERT INTO city_line_station (id_city_line_station, relative_position, fk_id_city_line, fk_id_station) VALUES (172, 20, 50, 15);
INSERT INTO city_line_station (id_city_line_station, relative_position, fk_id_city_line, fk_id_station) VALUES (173, 0, 22, 331);
INSERT INTO city_line_station (id_city_line_station, relative_position, fk_id_city_line, fk_id_station) VALUES (174, 1, 22, 54);
INSERT INTO city_line_station (id_city_line_station, relative_position, fk_id_city_line, fk_id_station) VALUES (175, 2, 22, 159);
INSERT INTO city_line_station (id_city_line_station, relative_position, fk_id_city_line, fk_id_station) VALUES (176, 3, 22, 84);
INSERT INTO city_line_station (id_city_line_station, relative_position, fk_id_city_line, fk_id_station) VALUES (177, 4, 22, 81);
INSERT INTO city_line_station (id_city_line_station, relative_position, fk_id_city_line, fk_id_station) VALUES (178, 5, 22, 208);
INSERT INTO city_line_station (id_city_line_station, relative_position, fk_id_city_line, fk_id_station) VALUES (179, 6, 22, 164);
INSERT INTO city_line_station (id_city_line_station, relative_position, fk_id_city_line, fk_id_station) VALUES (180, 7, 22, 165);
INSERT INTO city_line_station (id_city_line_station, relative_position, fk_id_city_line, fk_id_station) VALUES (181, 8, 22, 224);
INSERT INTO city_line_station (id_city_line_station, relative_position, fk_id_city_line, fk_id_station) VALUES (182, 9, 22, 371);
INSERT INTO city_line_station (id_city_line_station, relative_position, fk_id_city_line, fk_id_station) VALUES (183, 10, 22, 360);
INSERT INTO city_line_station (id_city_line_station, relative_position, fk_id_city_line, fk_id_station) VALUES (184, 11, 22, 343);
INSERT INTO city_line_station (id_city_line_station, relative_position, fk_id_city_line, fk_id_station) VALUES (185, 12, 22, 217);
INSERT INTO city_line_station (id_city_line_station, relative_position, fk_id_city_line, fk_id_station) VALUES (186, 13, 22, 123);
INSERT INTO city_line_station (id_city_line_station, relative_position, fk_id_city_line, fk_id_station) VALUES (187, 14, 22, 136);
INSERT INTO city_line_station (id_city_line_station, relative_position, fk_id_city_line, fk_id_station) VALUES (188, 15, 22, 196);
INSERT INTO city_line_station (id_city_line_station, relative_position, fk_id_city_line, fk_id_station) VALUES (189, 16, 22, 38);
INSERT INTO city_line_station (id_city_line_station, relative_position, fk_id_city_line, fk_id_station) VALUES (190, 17, 22, 163);
INSERT INTO city_line_station (id_city_line_station, relative_position, fk_id_city_line, fk_id_station) VALUES (191, 0, 51, 15);
INSERT INTO city_line_station (id_city_line_station, relative_position, fk_id_city_line, fk_id_station) VALUES (192, 1, 51, 154);
INSERT INTO city_line_station (id_city_line_station, relative_position, fk_id_city_line, fk_id_station) VALUES (193, 2, 51, 33);
INSERT INTO city_line_station (id_city_line_station, relative_position, fk_id_city_line, fk_id_station) VALUES (194, 3, 51, 373);
INSERT INTO city_line_station (id_city_line_station, relative_position, fk_id_city_line, fk_id_station) VALUES (195, 4, 51, 310);
INSERT INTO city_line_station (id_city_line_station, relative_position, fk_id_city_line, fk_id_station) VALUES (196, 5, 51, 287);
INSERT INTO city_line_station (id_city_line_station, relative_position, fk_id_city_line, fk_id_station) VALUES (197, 6, 51, 332);
INSERT INTO city_line_station (id_city_line_station, relative_position, fk_id_city_line, fk_id_station) VALUES (198, 7, 51, 242);
INSERT INTO city_line_station (id_city_line_station, relative_position, fk_id_city_line, fk_id_station) VALUES (199, 8, 51, 274);
INSERT INTO city_line_station (id_city_line_station, relative_position, fk_id_city_line, fk_id_station) VALUES (200, 9, 51, 338);
INSERT INTO city_line_station (id_city_line_station, relative_position, fk_id_city_line, fk_id_station) VALUES (201, 10, 51, 272);
INSERT INTO city_line_station (id_city_line_station, relative_position, fk_id_city_line, fk_id_station) VALUES (202, 11, 51, 145);
INSERT INTO city_line_station (id_city_line_station, relative_position, fk_id_city_line, fk_id_station) VALUES (203, 12, 51, 249);
INSERT INTO city_line_station (id_city_line_station, relative_position, fk_id_city_line, fk_id_station) VALUES (204, 13, 51, 345);
INSERT INTO city_line_station (id_city_line_station, relative_position, fk_id_city_line, fk_id_station) VALUES (205, 14, 51, 67);
INSERT INTO city_line_station (id_city_line_station, relative_position, fk_id_city_line, fk_id_station) VALUES (206, 15, 51, 95);
INSERT INTO city_line_station (id_city_line_station, relative_position, fk_id_city_line, fk_id_station) VALUES (207, 16, 51, 273);
INSERT INTO city_line_station (id_city_line_station, relative_position, fk_id_city_line, fk_id_station) VALUES (208, 17, 51, 16);
INSERT INTO city_line_station (id_city_line_station, relative_position, fk_id_city_line, fk_id_station) VALUES (209, 18, 51, 226);
INSERT INTO city_line_station (id_city_line_station, relative_position, fk_id_city_line, fk_id_station) VALUES (210, 19, 51, 107);
INSERT INTO city_line_station (id_city_line_station, relative_position, fk_id_city_line, fk_id_station) VALUES (211, 20, 51, 264);
INSERT INTO city_line_station (id_city_line_station, relative_position, fk_id_city_line, fk_id_station) VALUES (212, 21, 51, 381);
INSERT INTO city_line_station (id_city_line_station, relative_position, fk_id_city_line, fk_id_station) VALUES (213, 22, 51, 246);
INSERT INTO city_line_station (id_city_line_station, relative_position, fk_id_city_line, fk_id_station) VALUES (214, 23, 51, 96);
INSERT INTO city_line_station (id_city_line_station, relative_position, fk_id_city_line, fk_id_station) VALUES (215, 24, 51, 124);
INSERT INTO city_line_station (id_city_line_station, relative_position, fk_id_city_line, fk_id_station) VALUES (216, 25, 51, 79);
INSERT INTO city_line_station (id_city_line_station, relative_position, fk_id_city_line, fk_id_station) VALUES (217, 26, 51, 75);
INSERT INTO city_line_station (id_city_line_station, relative_position, fk_id_city_line, fk_id_station) VALUES (218, 27, 51, 38);
INSERT INTO city_line_station (id_city_line_station, relative_position, fk_id_city_line, fk_id_station) VALUES (219, 0, 40, 66);
INSERT INTO city_line_station (id_city_line_station, relative_position, fk_id_city_line, fk_id_station) VALUES (220, 1, 40, 305);
INSERT INTO city_line_station (id_city_line_station, relative_position, fk_id_city_line, fk_id_station) VALUES (221, 2, 40, 176);
INSERT INTO city_line_station (id_city_line_station, relative_position, fk_id_city_line, fk_id_station) VALUES (222, 3, 40, 39);
INSERT INTO city_line_station (id_city_line_station, relative_position, fk_id_city_line, fk_id_station) VALUES (223, 4, 40, 244);
INSERT INTO city_line_station (id_city_line_station, relative_position, fk_id_city_line, fk_id_station) VALUES (224, 5, 40, 117);
INSERT INTO city_line_station (id_city_line_station, relative_position, fk_id_city_line, fk_id_station) VALUES (225, 6, 40, 105);
INSERT INTO city_line_station (id_city_line_station, relative_position, fk_id_city_line, fk_id_station) VALUES (226, 7, 40, 308);
INSERT INTO city_line_station (id_city_line_station, relative_position, fk_id_city_line, fk_id_station) VALUES (227, 0, 17, 177);
INSERT INTO city_line_station (id_city_line_station, relative_position, fk_id_city_line, fk_id_station) VALUES (228, 1, 17, 63);
INSERT INTO city_line_station (id_city_line_station, relative_position, fk_id_city_line, fk_id_station) VALUES (229, 2, 17, 87);
INSERT INTO city_line_station (id_city_line_station, relative_position, fk_id_city_line, fk_id_station) VALUES (230, 3, 17, 12);
INSERT INTO city_line_station (id_city_line_station, relative_position, fk_id_city_line, fk_id_station) VALUES (231, 4, 17, 212);
INSERT INTO city_line_station (id_city_line_station, relative_position, fk_id_city_line, fk_id_station) VALUES (232, 5, 17, 278);
INSERT INTO city_line_station (id_city_line_station, relative_position, fk_id_city_line, fk_id_station) VALUES (233, 6, 17, 377);
INSERT INTO city_line_station (id_city_line_station, relative_position, fk_id_city_line, fk_id_station) VALUES (234, 7, 17, 385);
INSERT INTO city_line_station (id_city_line_station, relative_position, fk_id_city_line, fk_id_station) VALUES (235, 8, 17, 280);
INSERT INTO city_line_station (id_city_line_station, relative_position, fk_id_city_line, fk_id_station) VALUES (236, 9, 17, 14);
INSERT INTO city_line_station (id_city_line_station, relative_position, fk_id_city_line, fk_id_station) VALUES (237, 10, 17, 256);
INSERT INTO city_line_station (id_city_line_station, relative_position, fk_id_city_line, fk_id_station) VALUES (238, 11, 17, 296);
INSERT INTO city_line_station (id_city_line_station, relative_position, fk_id_city_line, fk_id_station) VALUES (239, 12, 17, 236);
INSERT INTO city_line_station (id_city_line_station, relative_position, fk_id_city_line, fk_id_station) VALUES (240, 13, 17, 96);
INSERT INTO city_line_station (id_city_line_station, relative_position, fk_id_city_line, fk_id_station) VALUES (241, 14, 17, 246);
INSERT INTO city_line_station (id_city_line_station, relative_position, fk_id_city_line, fk_id_station) VALUES (242, 15, 17, 18);
INSERT INTO city_line_station (id_city_line_station, relative_position, fk_id_city_line, fk_id_station) VALUES (243, 16, 17, 158);
INSERT INTO city_line_station (id_city_line_station, relative_position, fk_id_city_line, fk_id_station) VALUES (244, 17, 17, 25);
INSERT INTO city_line_station (id_city_line_station, relative_position, fk_id_city_line, fk_id_station) VALUES (245, 18, 17, 139);
INSERT INTO city_line_station (id_city_line_station, relative_position, fk_id_city_line, fk_id_station) VALUES (246, 19, 17, 71);
INSERT INTO city_line_station (id_city_line_station, relative_position, fk_id_city_line, fk_id_station) VALUES (247, 0, 41, 308);
INSERT INTO city_line_station (id_city_line_station, relative_position, fk_id_city_line, fk_id_station) VALUES (248, 1, 41, 44);
INSERT INTO city_line_station (id_city_line_station, relative_position, fk_id_city_line, fk_id_station) VALUES (249, 2, 41, 269);
INSERT INTO city_line_station (id_city_line_station, relative_position, fk_id_city_line, fk_id_station) VALUES (250, 3, 41, 113);
INSERT INTO city_line_station (id_city_line_station, relative_position, fk_id_city_line, fk_id_station) VALUES (251, 4, 41, 218);
INSERT INTO city_line_station (id_city_line_station, relative_position, fk_id_city_line, fk_id_station) VALUES (252, 5, 41, 318);
INSERT INTO city_line_station (id_city_line_station, relative_position, fk_id_city_line, fk_id_station) VALUES (253, 6, 41, 105);
INSERT INTO city_line_station (id_city_line_station, relative_position, fk_id_city_line, fk_id_station) VALUES (254, 7, 41, 10);
INSERT INTO city_line_station (id_city_line_station, relative_position, fk_id_city_line, fk_id_station) VALUES (255, 8, 41, 324);
INSERT INTO city_line_station (id_city_line_station, relative_position, fk_id_city_line, fk_id_station) VALUES (256, 9, 41, 344);
INSERT INTO city_line_station (id_city_line_station, relative_position, fk_id_city_line, fk_id_station) VALUES (257, 10, 41, 51);
INSERT INTO city_line_station (id_city_line_station, relative_position, fk_id_city_line, fk_id_station) VALUES (258, 11, 41, 13);
INSERT INTO city_line_station (id_city_line_station, relative_position, fk_id_city_line, fk_id_station) VALUES (259, 12, 41, 115);
INSERT INTO city_line_station (id_city_line_station, relative_position, fk_id_city_line, fk_id_station) VALUES (260, 13, 41, 254);
INSERT INTO city_line_station (id_city_line_station, relative_position, fk_id_city_line, fk_id_station) VALUES (261, 14, 41, 75);
INSERT INTO city_line_station (id_city_line_station, relative_position, fk_id_city_line, fk_id_station) VALUES (262, 15, 41, 38);
INSERT INTO city_line_station (id_city_line_station, relative_position, fk_id_city_line, fk_id_station) VALUES (263, 0, 18, 177);
INSERT INTO city_line_station (id_city_line_station, relative_position, fk_id_city_line, fk_id_station) VALUES (264, 1, 18, 198);
INSERT INTO city_line_station (id_city_line_station, relative_position, fk_id_city_line, fk_id_station) VALUES (265, 2, 18, 382);
INSERT INTO city_line_station (id_city_line_station, relative_position, fk_id_city_line, fk_id_station) VALUES (266, 3, 18, 144);
INSERT INTO city_line_station (id_city_line_station, relative_position, fk_id_city_line, fk_id_station) VALUES (267, 4, 18, 353);
INSERT INTO city_line_station (id_city_line_station, relative_position, fk_id_city_line, fk_id_station) VALUES (268, 5, 18, 368);
INSERT INTO city_line_station (id_city_line_station, relative_position, fk_id_city_line, fk_id_station) VALUES (269, 6, 18, 82);
INSERT INTO city_line_station (id_city_line_station, relative_position, fk_id_city_line, fk_id_station) VALUES (270, 7, 18, 42);
INSERT INTO city_line_station (id_city_line_station, relative_position, fk_id_city_line, fk_id_station) VALUES (271, 8, 18, 27);
INSERT INTO city_line_station (id_city_line_station, relative_position, fk_id_city_line, fk_id_station) VALUES (272, 9, 18, 128);
INSERT INTO city_line_station (id_city_line_station, relative_position, fk_id_city_line, fk_id_station) VALUES (273, 10, 18, 240);
INSERT INTO city_line_station (id_city_line_station, relative_position, fk_id_city_line, fk_id_station) VALUES (274, 11, 18, 108);
INSERT INTO city_line_station (id_city_line_station, relative_position, fk_id_city_line, fk_id_station) VALUES (275, 12, 18, 165);
INSERT INTO city_line_station (id_city_line_station, relative_position, fk_id_city_line, fk_id_station) VALUES (276, 13, 18, 59);
INSERT INTO city_line_station (id_city_line_station, relative_position, fk_id_city_line, fk_id_station) VALUES (277, 14, 18, 24);
INSERT INTO city_line_station (id_city_line_station, relative_position, fk_id_city_line, fk_id_station) VALUES (278, 15, 18, 342);
INSERT INTO city_line_station (id_city_line_station, relative_position, fk_id_city_line, fk_id_station) VALUES (279, 16, 18, 371);
INSERT INTO city_line_station (id_city_line_station, relative_position, fk_id_city_line, fk_id_station) VALUES (280, 17, 18, 360);
INSERT INTO city_line_station (id_city_line_station, relative_position, fk_id_city_line, fk_id_station) VALUES (281, 18, 18, 97);
INSERT INTO city_line_station (id_city_line_station, relative_position, fk_id_city_line, fk_id_station) VALUES (282, 19, 18, 383);
INSERT INTO city_line_station (id_city_line_station, relative_position, fk_id_city_line, fk_id_station) VALUES (283, 20, 18, 151);
INSERT INTO city_line_station (id_city_line_station, relative_position, fk_id_city_line, fk_id_station) VALUES (284, 21, 18, 134);
INSERT INTO city_line_station (id_city_line_station, relative_position, fk_id_city_line, fk_id_station) VALUES (285, 22, 18, 183);
INSERT INTO city_line_station (id_city_line_station, relative_position, fk_id_city_line, fk_id_station) VALUES (286, 23, 18, 130);
INSERT INTO city_line_station (id_city_line_station, relative_position, fk_id_city_line, fk_id_station) VALUES (287, 24, 18, 291);
INSERT INTO city_line_station (id_city_line_station, relative_position, fk_id_city_line, fk_id_station) VALUES (288, 25, 18, 253);
INSERT INTO city_line_station (id_city_line_station, relative_position, fk_id_city_line, fk_id_station) VALUES (289, 0, 9, 171);
INSERT INTO city_line_station (id_city_line_station, relative_position, fk_id_city_line, fk_id_station) VALUES (290, 1, 9, 234);
INSERT INTO city_line_station (id_city_line_station, relative_position, fk_id_city_line, fk_id_station) VALUES (291, 2, 9, 200);
INSERT INTO city_line_station (id_city_line_station, relative_position, fk_id_city_line, fk_id_station) VALUES (292, 3, 9, 143);
INSERT INTO city_line_station (id_city_line_station, relative_position, fk_id_city_line, fk_id_station) VALUES (293, 4, 9, 185);
INSERT INTO city_line_station (id_city_line_station, relative_position, fk_id_city_line, fk_id_station) VALUES (294, 5, 9, 235);
INSERT INTO city_line_station (id_city_line_station, relative_position, fk_id_city_line, fk_id_station) VALUES (295, 6, 9, 115);
INSERT INTO city_line_station (id_city_line_station, relative_position, fk_id_city_line, fk_id_station) VALUES (296, 7, 9, 152);
INSERT INTO city_line_station (id_city_line_station, relative_position, fk_id_city_line, fk_id_station) VALUES (297, 8, 9, 259);
INSERT INTO city_line_station (id_city_line_station, relative_position, fk_id_city_line, fk_id_station) VALUES (298, 9, 9, 123);
INSERT INTO city_line_station (id_city_line_station, relative_position, fk_id_city_line, fk_id_station) VALUES (299, 10, 9, 217);
INSERT INTO city_line_station (id_city_line_station, relative_position, fk_id_city_line, fk_id_station) VALUES (300, 11, 9, 316);
INSERT INTO city_line_station (id_city_line_station, relative_position, fk_id_city_line, fk_id_station) VALUES (301, 12, 9, 330);
INSERT INTO city_line_station (id_city_line_station, relative_position, fk_id_city_line, fk_id_station) VALUES (302, 13, 9, 301);
INSERT INTO city_line_station (id_city_line_station, relative_position, fk_id_city_line, fk_id_station) VALUES (303, 14, 9, 303);
INSERT INTO city_line_station (id_city_line_station, relative_position, fk_id_city_line, fk_id_station) VALUES (304, 15, 9, 146);
INSERT INTO city_line_station (id_city_line_station, relative_position, fk_id_city_line, fk_id_station) VALUES (305, 0, 10, 263);
INSERT INTO city_line_station (id_city_line_station, relative_position, fk_id_city_line, fk_id_station) VALUES (306, 1, 10, 22);
INSERT INTO city_line_station (id_city_line_station, relative_position, fk_id_city_line, fk_id_station) VALUES (307, 2, 10, 171);
INSERT INTO city_line_station (id_city_line_station, relative_position, fk_id_city_line, fk_id_station) VALUES (308, 3, 10, 205);
INSERT INTO city_line_station (id_city_line_station, relative_position, fk_id_city_line, fk_id_station) VALUES (309, 4, 10, 160);
INSERT INTO city_line_station (id_city_line_station, relative_position, fk_id_city_line, fk_id_station) VALUES (310, 5, 10, 100);
INSERT INTO city_line_station (id_city_line_station, relative_position, fk_id_city_line, fk_id_station) VALUES (311, 6, 10, 52);
INSERT INTO city_line_station (id_city_line_station, relative_position, fk_id_city_line, fk_id_station) VALUES (312, 7, 10, 2);
INSERT INTO city_line_station (id_city_line_station, relative_position, fk_id_city_line, fk_id_station) VALUES (313, 8, 10, 127);
INSERT INTO city_line_station (id_city_line_station, relative_position, fk_id_city_line, fk_id_station) VALUES (314, 9, 10, 199);
INSERT INTO city_line_station (id_city_line_station, relative_position, fk_id_city_line, fk_id_station) VALUES (315, 10, 10, 202);
INSERT INTO city_line_station (id_city_line_station, relative_position, fk_id_city_line, fk_id_station) VALUES (316, 11, 10, 188);
INSERT INTO city_line_station (id_city_line_station, relative_position, fk_id_city_line, fk_id_station) VALUES (317, 12, 10, 58);
INSERT INTO city_line_station (id_city_line_station, relative_position, fk_id_city_line, fk_id_station) VALUES (318, 13, 10, 341);
INSERT INTO city_line_station (id_city_line_station, relative_position, fk_id_city_line, fk_id_station) VALUES (319, 14, 10, 66);
INSERT INTO city_line_station (id_city_line_station, relative_position, fk_id_city_line, fk_id_station) VALUES (320, 15, 10, 137);
INSERT INTO city_line_station (id_city_line_station, relative_position, fk_id_city_line, fk_id_station) VALUES (321, 16, 10, 206);
INSERT INTO city_line_station (id_city_line_station, relative_position, fk_id_city_line, fk_id_station) VALUES (322, 17, 10, 321);
INSERT INTO city_line_station (id_city_line_station, relative_position, fk_id_city_line, fk_id_station) VALUES (323, 18, 10, 219);
INSERT INTO city_line_station (id_city_line_station, relative_position, fk_id_city_line, fk_id_station) VALUES (324, 19, 10, 4);
INSERT INTO city_line_station (id_city_line_station, relative_position, fk_id_city_line, fk_id_station) VALUES (325, 20, 10, 276);
INSERT INTO city_line_station (id_city_line_station, relative_position, fk_id_city_line, fk_id_station) VALUES (326, 21, 10, 231);
INSERT INTO city_line_station (id_city_line_station, relative_position, fk_id_city_line, fk_id_station) VALUES (327, 22, 10, 146);
INSERT INTO city_line_station (id_city_line_station, relative_position, fk_id_city_line, fk_id_station) VALUES (328, 0, 1, 104);
INSERT INTO city_line_station (id_city_line_station, relative_position, fk_id_city_line, fk_id_station) VALUES (329, 1, 1, 189);
INSERT INTO city_line_station (id_city_line_station, relative_position, fk_id_city_line, fk_id_station) VALUES (330, 2, 1, 8);
INSERT INTO city_line_station (id_city_line_station, relative_position, fk_id_city_line, fk_id_station) VALUES (331, 3, 1, 48);
INSERT INTO city_line_station (id_city_line_station, relative_position, fk_id_city_line, fk_id_station) VALUES (332, 4, 1, 181);
INSERT INTO city_line_station (id_city_line_station, relative_position, fk_id_city_line, fk_id_station) VALUES (333, 5, 1, 325);
INSERT INTO city_line_station (id_city_line_station, relative_position, fk_id_city_line, fk_id_station) VALUES (334, 6, 1, 222);
INSERT INTO city_line_station (id_city_line_station, relative_position, fk_id_city_line, fk_id_station) VALUES (335, 7, 1, 257);
INSERT INTO city_line_station (id_city_line_station, relative_position, fk_id_city_line, fk_id_station) VALUES (336, 8, 1, 29);
INSERT INTO city_line_station (id_city_line_station, relative_position, fk_id_city_line, fk_id_station) VALUES (337, 9, 1, 331);
INSERT INTO city_line_station (id_city_line_station, relative_position, fk_id_city_line, fk_id_station) VALUES (338, 10, 1, 169);
INSERT INTO city_line_station (id_city_line_station, relative_position, fk_id_city_line, fk_id_station) VALUES (339, 11, 1, 322);
INSERT INTO city_line_station (id_city_line_station, relative_position, fk_id_city_line, fk_id_station) VALUES (340, 12, 1, 108);
INSERT INTO city_line_station (id_city_line_station, relative_position, fk_id_city_line, fk_id_station) VALUES (341, 13, 1, 165);
INSERT INTO city_line_station (id_city_line_station, relative_position, fk_id_city_line, fk_id_station) VALUES (342, 14, 1, 333);
INSERT INTO city_line_station (id_city_line_station, relative_position, fk_id_city_line, fk_id_station) VALUES (343, 15, 1, 262);
INSERT INTO city_line_station (id_city_line_station, relative_position, fk_id_city_line, fk_id_station) VALUES (344, 0, 2, 184);
INSERT INTO city_line_station (id_city_line_station, relative_position, fk_id_city_line, fk_id_station) VALUES (345, 1, 2, 14);
INSERT INTO city_line_station (id_city_line_station, relative_position, fk_id_city_line, fk_id_station) VALUES (346, 2, 2, 280);
INSERT INTO city_line_station (id_city_line_station, relative_position, fk_id_city_line, fk_id_station) VALUES (347, 3, 2, 98);
INSERT INTO city_line_station (id_city_line_station, relative_position, fk_id_city_line, fk_id_station) VALUES (348, 4, 2, 101);
INSERT INTO city_line_station (id_city_line_station, relative_position, fk_id_city_line, fk_id_station) VALUES (349, 5, 2, 367);
INSERT INTO city_line_station (id_city_line_station, relative_position, fk_id_city_line, fk_id_station) VALUES (350, 6, 2, 270);
INSERT INTO city_line_station (id_city_line_station, relative_position, fk_id_city_line, fk_id_station) VALUES (351, 7, 2, 93);
INSERT INTO city_line_station (id_city_line_station, relative_position, fk_id_city_line, fk_id_station) VALUES (352, 8, 2, 282);
INSERT INTO city_line_station (id_city_line_station, relative_position, fk_id_city_line, fk_id_station) VALUES (353, 9, 2, 247);
INSERT INTO city_line_station (id_city_line_station, relative_position, fk_id_city_line, fk_id_station) VALUES (354, 10, 2, 162);
INSERT INTO city_line_station (id_city_line_station, relative_position, fk_id_city_line, fk_id_station) VALUES (355, 11, 2, 104);
INSERT INTO city_line_station (id_city_line_station, relative_position, fk_id_city_line, fk_id_station) VALUES (356, 0, 31, 92);
INSERT INTO city_line_station (id_city_line_station, relative_position, fk_id_city_line, fk_id_station) VALUES (357, 1, 31, 270);
INSERT INTO city_line_station (id_city_line_station, relative_position, fk_id_city_line, fk_id_station) VALUES (358, 2, 31, 355);
INSERT INTO city_line_station (id_city_line_station, relative_position, fk_id_city_line, fk_id_station) VALUES (359, 3, 31, 307);
INSERT INTO city_line_station (id_city_line_station, relative_position, fk_id_city_line, fk_id_station) VALUES (360, 4, 31, 385);
INSERT INTO city_line_station (id_city_line_station, relative_position, fk_id_city_line, fk_id_station) VALUES (361, 5, 31, 359);
INSERT INTO city_line_station (id_city_line_station, relative_position, fk_id_city_line, fk_id_station) VALUES (362, 0, 32, 359);
INSERT INTO city_line_station (id_city_line_station, relative_position, fk_id_city_line, fk_id_station) VALUES (363, 1, 32, 88);
INSERT INTO city_line_station (id_city_line_station, relative_position, fk_id_city_line, fk_id_station) VALUES (364, 2, 32, 86);
INSERT INTO city_line_station (id_city_line_station, relative_position, fk_id_city_line, fk_id_station) VALUES (365, 3, 32, 114);
INSERT INTO city_line_station (id_city_line_station, relative_position, fk_id_city_line, fk_id_station) VALUES (366, 4, 32, 29);
INSERT INTO city_line_station (id_city_line_station, relative_position, fk_id_city_line, fk_id_station) VALUES (367, 5, 32, 38);
INSERT INTO city_line_station (id_city_line_station, relative_position, fk_id_city_line, fk_id_station) VALUES (368, 0, 36, 66);
INSERT INTO city_line_station (id_city_line_station, relative_position, fk_id_city_line, fk_id_station) VALUES (369, 1, 36, 305);
INSERT INTO city_line_station (id_city_line_station, relative_position, fk_id_city_line, fk_id_station) VALUES (370, 2, 36, 176);
INSERT INTO city_line_station (id_city_line_station, relative_position, fk_id_city_line, fk_id_station) VALUES (371, 3, 36, 39);
INSERT INTO city_line_station (id_city_line_station, relative_position, fk_id_city_line, fk_id_station) VALUES (372, 4, 36, 244);
INSERT INTO city_line_station (id_city_line_station, relative_position, fk_id_city_line, fk_id_station) VALUES (373, 5, 36, 117);
INSERT INTO city_line_station (id_city_line_station, relative_position, fk_id_city_line, fk_id_station) VALUES (374, 6, 36, 105);
INSERT INTO city_line_station (id_city_line_station, relative_position, fk_id_city_line, fk_id_station) VALUES (375, 7, 36, 362);
INSERT INTO city_line_station (id_city_line_station, relative_position, fk_id_city_line, fk_id_station) VALUES (376, 0, 23, 108);
INSERT INTO city_line_station (id_city_line_station, relative_position, fk_id_city_line, fk_id_station) VALUES (377, 1, 23, 76);
INSERT INTO city_line_station (id_city_line_station, relative_position, fk_id_city_line, fk_id_station) VALUES (378, 2, 23, 59);
INSERT INTO city_line_station (id_city_line_station, relative_position, fk_id_city_line, fk_id_station) VALUES (379, 3, 23, 176);
INSERT INTO city_line_station (id_city_line_station, relative_position, fk_id_city_line, fk_id_station) VALUES (380, 4, 23, 24);
INSERT INTO city_line_station (id_city_line_station, relative_position, fk_id_city_line, fk_id_station) VALUES (381, 5, 23, 342);
INSERT INTO city_line_station (id_city_line_station, relative_position, fk_id_city_line, fk_id_station) VALUES (382, 6, 23, 187);
INSERT INTO city_line_station (id_city_line_station, relative_position, fk_id_city_line, fk_id_station) VALUES (383, 7, 23, 6);
INSERT INTO city_line_station (id_city_line_station, relative_position, fk_id_city_line, fk_id_station) VALUES (384, 8, 23, 175);
INSERT INTO city_line_station (id_city_line_station, relative_position, fk_id_city_line, fk_id_station) VALUES (385, 9, 23, 348);
INSERT INTO city_line_station (id_city_line_station, relative_position, fk_id_city_line, fk_id_station) VALUES (386, 10, 23, 118);
INSERT INTO city_line_station (id_city_line_station, relative_position, fk_id_city_line, fk_id_station) VALUES (387, 11, 23, 41);
INSERT INTO city_line_station (id_city_line_station, relative_position, fk_id_city_line, fk_id_station) VALUES (388, 12, 23, 11);
INSERT INTO city_line_station (id_city_line_station, relative_position, fk_id_city_line, fk_id_station) VALUES (389, 0, 37, 362);
INSERT INTO city_line_station (id_city_line_station, relative_position, fk_id_city_line, fk_id_station) VALUES (390, 1, 37, 113);
INSERT INTO city_line_station (id_city_line_station, relative_position, fk_id_city_line, fk_id_station) VALUES (391, 2, 37, 218);
INSERT INTO city_line_station (id_city_line_station, relative_position, fk_id_city_line, fk_id_station) VALUES (392, 3, 37, 318);
INSERT INTO city_line_station (id_city_line_station, relative_position, fk_id_city_line, fk_id_station) VALUES (393, 4, 37, 105);
INSERT INTO city_line_station (id_city_line_station, relative_position, fk_id_city_line, fk_id_station) VALUES (394, 5, 37, 10);
INSERT INTO city_line_station (id_city_line_station, relative_position, fk_id_city_line, fk_id_station) VALUES (395, 6, 37, 324);
INSERT INTO city_line_station (id_city_line_station, relative_position, fk_id_city_line, fk_id_station) VALUES (396, 7, 37, 51);
INSERT INTO city_line_station (id_city_line_station, relative_position, fk_id_city_line, fk_id_station) VALUES (397, 8, 37, 344);
INSERT INTO city_line_station (id_city_line_station, relative_position, fk_id_city_line, fk_id_station) VALUES (398, 9, 37, 115);
INSERT INTO city_line_station (id_city_line_station, relative_position, fk_id_city_line, fk_id_station) VALUES (399, 10, 37, 13);
INSERT INTO city_line_station (id_city_line_station, relative_position, fk_id_city_line, fk_id_station) VALUES (400, 11, 37, 254);
INSERT INTO city_line_station (id_city_line_station, relative_position, fk_id_city_line, fk_id_station) VALUES (401, 12, 37, 75);
INSERT INTO city_line_station (id_city_line_station, relative_position, fk_id_city_line, fk_id_station) VALUES (402, 13, 37, 38);
INSERT INTO city_line_station (id_city_line_station, relative_position, fk_id_city_line, fk_id_station) VALUES (403, 0, 52, 151);
INSERT INTO city_line_station (id_city_line_station, relative_position, fk_id_city_line, fk_id_station) VALUES (404, 1, 52, 329);
INSERT INTO city_line_station (id_city_line_station, relative_position, fk_id_city_line, fk_id_station) VALUES (405, 2, 52, 119);
INSERT INTO city_line_station (id_city_line_station, relative_position, fk_id_city_line, fk_id_station) VALUES (406, 3, 52, 72);
INSERT INTO city_line_station (id_city_line_station, relative_position, fk_id_city_line, fk_id_station) VALUES (407, 4, 52, 36);
INSERT INTO city_line_station (id_city_line_station, relative_position, fk_id_city_line, fk_id_station) VALUES (408, 5, 52, 266);
INSERT INTO city_line_station (id_city_line_station, relative_position, fk_id_city_line, fk_id_station) VALUES (409, 6, 52, 294);
INSERT INTO city_line_station (id_city_line_station, relative_position, fk_id_city_line, fk_id_station) VALUES (410, 7, 52, 190);
INSERT INTO city_line_station (id_city_line_station, relative_position, fk_id_city_line, fk_id_station) VALUES (411, 0, 24, 126);
INSERT INTO city_line_station (id_city_line_station, relative_position, fk_id_city_line, fk_id_station) VALUES (412, 1, 24, 11);
INSERT INTO city_line_station (id_city_line_station, relative_position, fk_id_city_line, fk_id_station) VALUES (413, 2, 24, 43);
INSERT INTO city_line_station (id_city_line_station, relative_position, fk_id_city_line, fk_id_station) VALUES (414, 3, 24, 296);
INSERT INTO city_line_station (id_city_line_station, relative_position, fk_id_city_line, fk_id_station) VALUES (415, 4, 24, 256);
INSERT INTO city_line_station (id_city_line_station, relative_position, fk_id_city_line, fk_id_station) VALUES (416, 5, 24, 51);
INSERT INTO city_line_station (id_city_line_station, relative_position, fk_id_city_line, fk_id_station) VALUES (417, 6, 24, 40);
INSERT INTO city_line_station (id_city_line_station, relative_position, fk_id_city_line, fk_id_station) VALUES (418, 7, 24, 195);
INSERT INTO city_line_station (id_city_line_station, relative_position, fk_id_city_line, fk_id_station) VALUES (419, 8, 24, 280);
INSERT INTO city_line_station (id_city_line_station, relative_position, fk_id_city_line, fk_id_station) VALUES (420, 9, 24, 98);
INSERT INTO city_line_station (id_city_line_station, relative_position, fk_id_city_line, fk_id_station) VALUES (421, 10, 24, 384);
INSERT INTO city_line_station (id_city_line_station, relative_position, fk_id_city_line, fk_id_station) VALUES (422, 0, 53, 190);
INSERT INTO city_line_station (id_city_line_station, relative_position, fk_id_city_line, fk_id_station) VALUES (423, 1, 53, 268);
INSERT INTO city_line_station (id_city_line_station, relative_position, fk_id_city_line, fk_id_station) VALUES (424, 2, 53, 142);
INSERT INTO city_line_station (id_city_line_station, relative_position, fk_id_city_line, fk_id_station) VALUES (425, 3, 53, 314);
INSERT INTO city_line_station (id_city_line_station, relative_position, fk_id_city_line, fk_id_station) VALUES (426, 4, 53, 374);
INSERT INTO city_line_station (id_city_line_station, relative_position, fk_id_city_line, fk_id_station) VALUES (427, 5, 53, 153);
INSERT INTO city_line_station (id_city_line_station, relative_position, fk_id_city_line, fk_id_station) VALUES (428, 6, 53, 339);
INSERT INTO city_line_station (id_city_line_station, relative_position, fk_id_city_line, fk_id_station) VALUES (429, 7, 53, 180);
INSERT INTO city_line_station (id_city_line_station, relative_position, fk_id_city_line, fk_id_station) VALUES (430, 8, 53, 147);
INSERT INTO city_line_station (id_city_line_station, relative_position, fk_id_city_line, fk_id_station) VALUES (431, 9, 53, 109);
INSERT INTO city_line_station (id_city_line_station, relative_position, fk_id_city_line, fk_id_station) VALUES (432, 10, 53, 69);
INSERT INTO city_line_station (id_city_line_station, relative_position, fk_id_city_line, fk_id_station) VALUES (433, 11, 53, 61);
INSERT INTO city_line_station (id_city_line_station, relative_position, fk_id_city_line, fk_id_station) VALUES (434, 12, 53, 350);
INSERT INTO city_line_station (id_city_line_station, relative_position, fk_id_city_line, fk_id_station) VALUES (435, 13, 53, 73);
INSERT INTO city_line_station (id_city_line_station, relative_position, fk_id_city_line, fk_id_station) VALUES (436, 14, 53, 293);
INSERT INTO city_line_station (id_city_line_station, relative_position, fk_id_city_line, fk_id_station) VALUES (437, 15, 53, 272);
INSERT INTO city_line_station (id_city_line_station, relative_position, fk_id_city_line, fk_id_station) VALUES (438, 16, 53, 345);
INSERT INTO city_line_station (id_city_line_station, relative_position, fk_id_city_line, fk_id_station) VALUES (439, 17, 53, 95);
INSERT INTO city_line_station (id_city_line_station, relative_position, fk_id_city_line, fk_id_station) VALUES (440, 18, 53, 226);
INSERT INTO city_line_station (id_city_line_station, relative_position, fk_id_city_line, fk_id_station) VALUES (441, 19, 53, 264);
INSERT INTO city_line_station (id_city_line_station, relative_position, fk_id_city_line, fk_id_station) VALUES (442, 20, 53, 381);
INSERT INTO city_line_station (id_city_line_station, relative_position, fk_id_city_line, fk_id_station) VALUES (443, 21, 53, 246);
INSERT INTO city_line_station (id_city_line_station, relative_position, fk_id_city_line, fk_id_station) VALUES (444, 22, 53, 124);
INSERT INTO city_line_station (id_city_line_station, relative_position, fk_id_city_line, fk_id_station) VALUES (445, 23, 53, 38);
INSERT INTO city_line_station (id_city_line_station, relative_position, fk_id_city_line, fk_id_station) VALUES (446, 0, 44, 120);
INSERT INTO city_line_station (id_city_line_station, relative_position, fk_id_city_line, fk_id_station) VALUES (447, 1, 44, 151);
INSERT INTO city_line_station (id_city_line_station, relative_position, fk_id_city_line, fk_id_station) VALUES (448, 2, 44, 383);
INSERT INTO city_line_station (id_city_line_station, relative_position, fk_id_city_line, fk_id_station) VALUES (449, 3, 44, 328);
INSERT INTO city_line_station (id_city_line_station, relative_position, fk_id_city_line, fk_id_station) VALUES (450, 4, 44, 157);
INSERT INTO city_line_station (id_city_line_station, relative_position, fk_id_city_line, fk_id_station) VALUES (451, 5, 44, 298);
INSERT INTO city_line_station (id_city_line_station, relative_position, fk_id_city_line, fk_id_station) VALUES (452, 6, 44, 46);
INSERT INTO city_line_station (id_city_line_station, relative_position, fk_id_city_line, fk_id_station) VALUES (453, 7, 44, 337);
INSERT INTO city_line_station (id_city_line_station, relative_position, fk_id_city_line, fk_id_station) VALUES (454, 8, 44, 306);
INSERT INTO city_line_station (id_city_line_station, relative_position, fk_id_city_line, fk_id_station) VALUES (455, 9, 44, 292);
INSERT INTO city_line_station (id_city_line_station, relative_position, fk_id_city_line, fk_id_station) VALUES (456, 10, 44, 7);
INSERT INTO city_line_station (id_city_line_station, relative_position, fk_id_city_line, fk_id_station) VALUES (457, 0, 45, 304);
INSERT INTO city_line_station (id_city_line_station, relative_position, fk_id_city_line, fk_id_station) VALUES (458, 1, 45, 210);
INSERT INTO city_line_station (id_city_line_station, relative_position, fk_id_city_line, fk_id_station) VALUES (459, 2, 45, 346);
INSERT INTO city_line_station (id_city_line_station, relative_position, fk_id_city_line, fk_id_station) VALUES (460, 3, 45, 214);
INSERT INTO city_line_station (id_city_line_station, relative_position, fk_id_city_line, fk_id_station) VALUES (461, 4, 45, 7);
INSERT INTO city_line_station (id_city_line_station, relative_position, fk_id_city_line, fk_id_station) VALUES (462, 5, 45, 345);
INSERT INTO city_line_station (id_city_line_station, relative_position, fk_id_city_line, fk_id_station) VALUES (463, 6, 45, 67);
INSERT INTO city_line_station (id_city_line_station, relative_position, fk_id_city_line, fk_id_station) VALUES (464, 7, 45, 95);
INSERT INTO city_line_station (id_city_line_station, relative_position, fk_id_city_line, fk_id_station) VALUES (465, 8, 45, 273);
INSERT INTO city_line_station (id_city_line_station, relative_position, fk_id_city_line, fk_id_station) VALUES (466, 9, 45, 16);
INSERT INTO city_line_station (id_city_line_station, relative_position, fk_id_city_line, fk_id_station) VALUES (467, 10, 45, 107);
INSERT INTO city_line_station (id_city_line_station, relative_position, fk_id_city_line, fk_id_station) VALUES (468, 11, 45, 264);
INSERT INTO city_line_station (id_city_line_station, relative_position, fk_id_city_line, fk_id_station) VALUES (469, 12, 45, 381);
INSERT INTO city_line_station (id_city_line_station, relative_position, fk_id_city_line, fk_id_station) VALUES (470, 13, 45, 226);
INSERT INTO city_line_station (id_city_line_station, relative_position, fk_id_city_line, fk_id_station) VALUES (471, 14, 45, 96);
INSERT INTO city_line_station (id_city_line_station, relative_position, fk_id_city_line, fk_id_station) VALUES (472, 15, 45, 246);
INSERT INTO city_line_station (id_city_line_station, relative_position, fk_id_city_line, fk_id_station) VALUES (473, 16, 45, 124);
INSERT INTO city_line_station (id_city_line_station, relative_position, fk_id_city_line, fk_id_station) VALUES (474, 17, 45, 79);
INSERT INTO city_line_station (id_city_line_station, relative_position, fk_id_city_line, fk_id_station) VALUES (475, 18, 45, 75);
INSERT INTO city_line_station (id_city_line_station, relative_position, fk_id_city_line, fk_id_station) VALUES (476, 19, 45, 38);
INSERT INTO city_line_station (id_city_line_station, relative_position, fk_id_city_line, fk_id_station) VALUES (477, 0, 11, 159);
INSERT INTO city_line_station (id_city_line_station, relative_position, fk_id_city_line, fk_id_station) VALUES (478, 1, 11, 84);
INSERT INTO city_line_station (id_city_line_station, relative_position, fk_id_city_line, fk_id_station) VALUES (479, 2, 11, 81);
INSERT INTO city_line_station (id_city_line_station, relative_position, fk_id_city_line, fk_id_station) VALUES (480, 3, 11, 240);
INSERT INTO city_line_station (id_city_line_station, relative_position, fk_id_city_line, fk_id_station) VALUES (481, 4, 11, 98);
INSERT INTO city_line_station (id_city_line_station, relative_position, fk_id_city_line, fk_id_station) VALUES (482, 5, 11, 155);
INSERT INTO city_line_station (id_city_line_station, relative_position, fk_id_city_line, fk_id_station) VALUES (483, 6, 11, 251);
INSERT INTO city_line_station (id_city_line_station, relative_position, fk_id_city_line, fk_id_station) VALUES (484, 7, 11, 120);
INSERT INTO city_line_station (id_city_line_station, relative_position, fk_id_city_line, fk_id_station) VALUES (485, 8, 11, 97);
INSERT INTO city_line_station (id_city_line_station, relative_position, fk_id_city_line, fk_id_station) VALUES (486, 9, 11, 383);
INSERT INTO city_line_station (id_city_line_station, relative_position, fk_id_city_line, fk_id_station) VALUES (487, 10, 11, 151);
INSERT INTO city_line_station (id_city_line_station, relative_position, fk_id_city_line, fk_id_station) VALUES (488, 11, 11, 335);
INSERT INTO city_line_station (id_city_line_station, relative_position, fk_id_city_line, fk_id_station) VALUES (489, 12, 11, 380);
INSERT INTO city_line_station (id_city_line_station, relative_position, fk_id_city_line, fk_id_station) VALUES (490, 13, 11, 148);
INSERT INTO city_line_station (id_city_line_station, relative_position, fk_id_city_line, fk_id_station) VALUES (491, 14, 11, 271);
INSERT INTO city_line_station (id_city_line_station, relative_position, fk_id_city_line, fk_id_station) VALUES (492, 15, 11, 323);
INSERT INTO city_line_station (id_city_line_station, relative_position, fk_id_city_line, fk_id_station) VALUES (493, 16, 11, 140);
INSERT INTO city_line_station (id_city_line_station, relative_position, fk_id_city_line, fk_id_station) VALUES (494, 17, 11, 347);
INSERT INTO city_line_station (id_city_line_station, relative_position, fk_id_city_line, fk_id_station) VALUES (495, 18, 11, 102);
INSERT INTO city_line_station (id_city_line_station, relative_position, fk_id_city_line, fk_id_station) VALUES (496, 19, 11, 313);
INSERT INTO city_line_station (id_city_line_station, relative_position, fk_id_city_line, fk_id_station) VALUES (497, 0, 12, 313);
INSERT INTO city_line_station (id_city_line_station, relative_position, fk_id_city_line, fk_id_station) VALUES (498, 1, 12, 78);
INSERT INTO city_line_station (id_city_line_station, relative_position, fk_id_city_line, fk_id_station) VALUES (499, 2, 12, 170);
INSERT INTO city_line_station (id_city_line_station, relative_position, fk_id_city_line, fk_id_station) VALUES (500, 3, 12, 334);
INSERT INTO city_line_station (id_city_line_station, relative_position, fk_id_city_line, fk_id_station) VALUES (501, 4, 12, 211);
INSERT INTO city_line_station (id_city_line_station, relative_position, fk_id_city_line, fk_id_station) VALUES (502, 5, 12, 126);
INSERT INTO city_line_station (id_city_line_station, relative_position, fk_id_city_line, fk_id_station) VALUES (503, 6, 12, 267);
INSERT INTO city_line_station (id_city_line_station, relative_position, fk_id_city_line, fk_id_station) VALUES (504, 7, 12, 129);
INSERT INTO city_line_station (id_city_line_station, relative_position, fk_id_city_line, fk_id_station) VALUES (505, 8, 12, 246);
INSERT INTO city_line_station (id_city_line_station, relative_position, fk_id_city_line, fk_id_station) VALUES (506, 9, 12, 220);
INSERT INTO city_line_station (id_city_line_station, relative_position, fk_id_city_line, fk_id_station) VALUES (507, 10, 12, 96);
INSERT INTO city_line_station (id_city_line_station, relative_position, fk_id_city_line, fk_id_station) VALUES (508, 11, 12, 124);
INSERT INTO city_line_station (id_city_line_station, relative_position, fk_id_city_line, fk_id_station) VALUES (509, 12, 12, 79);
INSERT INTO city_line_station (id_city_line_station, relative_position, fk_id_city_line, fk_id_station) VALUES (510, 13, 12, 204);
INSERT INTO city_line_station (id_city_line_station, relative_position, fk_id_city_line, fk_id_station) VALUES (511, 14, 12, 341);
INSERT INTO city_line_station (id_city_line_station, relative_position, fk_id_city_line, fk_id_station) VALUES (512, 15, 12, 385);
INSERT INTO city_line_station (id_city_line_station, relative_position, fk_id_city_line, fk_id_station) VALUES (513, 16, 12, 197);
INSERT INTO city_line_station (id_city_line_station, relative_position, fk_id_city_line, fk_id_station) VALUES (514, 17, 12, 336);
INSERT INTO city_line_station (id_city_line_station, relative_position, fk_id_city_line, fk_id_station) VALUES (515, 18, 12, 227);
INSERT INTO city_line_station (id_city_line_station, relative_position, fk_id_city_line, fk_id_station) VALUES (516, 19, 12, 194);
INSERT INTO city_line_station (id_city_line_station, relative_position, fk_id_city_line, fk_id_station) VALUES (517, 0, 3, 21);
INSERT INTO city_line_station (id_city_line_station, relative_position, fk_id_city_line, fk_id_station) VALUES (518, 1, 3, 155);
INSERT INTO city_line_station (id_city_line_station, relative_position, fk_id_city_line, fk_id_station) VALUES (519, 2, 3, 251);
INSERT INTO city_line_station (id_city_line_station, relative_position, fk_id_city_line, fk_id_station) VALUES (520, 3, 3, 120);
INSERT INTO city_line_station (id_city_line_station, relative_position, fk_id_city_line, fk_id_station) VALUES (521, 4, 3, 97);
INSERT INTO city_line_station (id_city_line_station, relative_position, fk_id_city_line, fk_id_station) VALUES (522, 5, 3, 383);
INSERT INTO city_line_station (id_city_line_station, relative_position, fk_id_city_line, fk_id_station) VALUES (523, 6, 3, 151);
INSERT INTO city_line_station (id_city_line_station, relative_position, fk_id_city_line, fk_id_station) VALUES (524, 7, 3, 134);
INSERT INTO city_line_station (id_city_line_station, relative_position, fk_id_city_line, fk_id_station) VALUES (525, 8, 3, 183);
INSERT INTO city_line_station (id_city_line_station, relative_position, fk_id_city_line, fk_id_station) VALUES (526, 9, 3, 130);
INSERT INTO city_line_station (id_city_line_station, relative_position, fk_id_city_line, fk_id_station) VALUES (527, 10, 3, 291);
INSERT INTO city_line_station (id_city_line_station, relative_position, fk_id_city_line, fk_id_station) VALUES (528, 11, 3, 253);
INSERT INTO city_line_station (id_city_line_station, relative_position, fk_id_city_line, fk_id_station) VALUES (529, 0, 4, 139);
INSERT INTO city_line_station (id_city_line_station, relative_position, fk_id_city_line, fk_id_station) VALUES (530, 1, 4, 71);
INSERT INTO city_line_station (id_city_line_station, relative_position, fk_id_city_line, fk_id_station) VALUES (531, 2, 4, 25);
INSERT INTO city_line_station (id_city_line_station, relative_position, fk_id_city_line, fk_id_station) VALUES (532, 3, 4, 18);
INSERT INTO city_line_station (id_city_line_station, relative_position, fk_id_city_line, fk_id_station) VALUES (533, 4, 4, 158);
INSERT INTO city_line_station (id_city_line_station, relative_position, fk_id_city_line, fk_id_station) VALUES (534, 5, 4, 246);
INSERT INTO city_line_station (id_city_line_station, relative_position, fk_id_city_line, fk_id_station) VALUES (535, 6, 4, 96);
INSERT INTO city_line_station (id_city_line_station, relative_position, fk_id_city_line, fk_id_station) VALUES (536, 7, 4, 124);
INSERT INTO city_line_station (id_city_line_station, relative_position, fk_id_city_line, fk_id_station) VALUES (537, 8, 4, 79);
INSERT INTO city_line_station (id_city_line_station, relative_position, fk_id_city_line, fk_id_station) VALUES (538, 9, 4, 204);
INSERT INTO city_line_station (id_city_line_station, relative_position, fk_id_city_line, fk_id_station) VALUES (539, 10, 4, 341);
INSERT INTO city_line_station (id_city_line_station, relative_position, fk_id_city_line, fk_id_station) VALUES (540, 11, 4, 21);
INSERT INTO city_line_station (id_city_line_station, relative_position, fk_id_city_line, fk_id_station) VALUES (541, 12, 4, 384);
INSERT INTO city_line_station (id_city_line_station, relative_position, fk_id_city_line, fk_id_station) VALUES (542, 0, 33, 331);
INSERT INTO city_line_station (id_city_line_station, relative_position, fk_id_city_line, fk_id_station) VALUES (543, 1, 33, 270);
INSERT INTO city_line_station (id_city_line_station, relative_position, fk_id_city_line, fk_id_station) VALUES (544, 2, 33, 75);
INSERT INTO city_line_station (id_city_line_station, relative_position, fk_id_city_line, fk_id_station) VALUES (545, 3, 33, 163);
INSERT INTO city_line_station (id_city_line_station, relative_position, fk_id_city_line, fk_id_station) VALUES (546, 4, 33, 254);
INSERT INTO city_line_station (id_city_line_station, relative_position, fk_id_city_line, fk_id_station) VALUES (547, 5, 33, 322);
INSERT INTO city_line_station (id_city_line_station, relative_position, fk_id_city_line, fk_id_station) VALUES (548, 6, 33, 169);
INSERT INTO city_line_station (id_city_line_station, relative_position, fk_id_city_line, fk_id_station) VALUES (549, 7, 33, 29);
INSERT INTO city_line_station (id_city_line_station, relative_position, fk_id_city_line, fk_id_station) VALUES (550, 8, 33, 257);
INSERT INTO city_line_station (id_city_line_station, relative_position, fk_id_city_line, fk_id_station) VALUES (551, 9, 33, 93);
INSERT INTO city_line_station (id_city_line_station, relative_position, fk_id_city_line, fk_id_station) VALUES (552, 10, 33, 111);
INSERT INTO city_line_station (id_city_line_station, relative_position, fk_id_city_line, fk_id_station) VALUES (553, 0, 38, 66);
INSERT INTO city_line_station (id_city_line_station, relative_position, fk_id_city_line, fk_id_station) VALUES (554, 1, 38, 40);
INSERT INTO city_line_station (id_city_line_station, relative_position, fk_id_city_line, fk_id_station) VALUES (555, 2, 38, 195);
INSERT INTO city_line_station (id_city_line_station, relative_position, fk_id_city_line, fk_id_station) VALUES (556, 3, 38, 305);
INSERT INTO city_line_station (id_city_line_station, relative_position, fk_id_city_line, fk_id_station) VALUES (557, 4, 38, 280);
INSERT INTO city_line_station (id_city_line_station, relative_position, fk_id_city_line, fk_id_station) VALUES (558, 5, 38, 385);
INSERT INTO city_line_station (id_city_line_station, relative_position, fk_id_city_line, fk_id_station) VALUES (559, 6, 38, 377);
INSERT INTO city_line_station (id_city_line_station, relative_position, fk_id_city_line, fk_id_station) VALUES (560, 7, 38, 278);
INSERT INTO city_line_station (id_city_line_station, relative_position, fk_id_city_line, fk_id_station) VALUES (561, 8, 38, 315);
INSERT INTO city_line_station (id_city_line_station, relative_position, fk_id_city_line, fk_id_station) VALUES (562, 9, 38, 31);
INSERT INTO city_line_station (id_city_line_station, relative_position, fk_id_city_line, fk_id_station) VALUES (563, 10, 38, 358);
INSERT INTO city_line_station (id_city_line_station, relative_position, fk_id_city_line, fk_id_station) VALUES (564, 11, 38, 110);
INSERT INTO city_line_station (id_city_line_station, relative_position, fk_id_city_line, fk_id_station) VALUES (565, 12, 38, 318);
INSERT INTO city_line_station (id_city_line_station, relative_position, fk_id_city_line, fk_id_station) VALUES (566, 13, 38, 386);
INSERT INTO city_line_station (id_city_line_station, relative_position, fk_id_city_line, fk_id_station) VALUES (567, 14, 38, 250);
INSERT INTO city_line_station (id_city_line_station, relative_position, fk_id_city_line, fk_id_station) VALUES (568, 15, 38, 30);
INSERT INTO city_line_station (id_city_line_station, relative_position, fk_id_city_line, fk_id_station) VALUES (569, 16, 38, 65);
INSERT INTO city_line_station (id_city_line_station, relative_position, fk_id_city_line, fk_id_station) VALUES (570, 17, 38, 376);
INSERT INTO city_line_station (id_city_line_station, relative_position, fk_id_city_line, fk_id_station) VALUES (571, 0, 25, 375);
INSERT INTO city_line_station (id_city_line_station, relative_position, fk_id_city_line, fk_id_station) VALUES (572, 1, 25, 55);
INSERT INTO city_line_station (id_city_line_station, relative_position, fk_id_city_line, fk_id_station) VALUES (573, 2, 25, 62);
INSERT INTO city_line_station (id_city_line_station, relative_position, fk_id_city_line, fk_id_station) VALUES (574, 3, 25, 225);
INSERT INTO city_line_station (id_city_line_station, relative_position, fk_id_city_line, fk_id_station) VALUES (575, 4, 25, 68);
INSERT INTO city_line_station (id_city_line_station, relative_position, fk_id_city_line, fk_id_station) VALUES (576, 5, 25, 371);
INSERT INTO city_line_station (id_city_line_station, relative_position, fk_id_city_line, fk_id_station) VALUES (577, 6, 25, 275);
INSERT INTO city_line_station (id_city_line_station, relative_position, fk_id_city_line, fk_id_station) VALUES (578, 7, 25, 176);
INSERT INTO city_line_station (id_city_line_station, relative_position, fk_id_city_line, fk_id_station) VALUES (579, 8, 25, 221);
INSERT INTO city_line_station (id_city_line_station, relative_position, fk_id_city_line, fk_id_station) VALUES (580, 9, 25, 53);
INSERT INTO city_line_station (id_city_line_station, relative_position, fk_id_city_line, fk_id_station) VALUES (581, 0, 39, 376);
INSERT INTO city_line_station (id_city_line_station, relative_position, fk_id_city_line, fk_id_station) VALUES (582, 1, 39, 223);
INSERT INTO city_line_station (id_city_line_station, relative_position, fk_id_city_line, fk_id_station) VALUES (583, 2, 39, 42);
INSERT INTO city_line_station (id_city_line_station, relative_position, fk_id_city_line, fk_id_station) VALUES (584, 3, 39, 27);
INSERT INTO city_line_station (id_city_line_station, relative_position, fk_id_city_line, fk_id_station) VALUES (585, 4, 39, 128);
INSERT INTO city_line_station (id_city_line_station, relative_position, fk_id_city_line, fk_id_station) VALUES (586, 5, 39, 265);
INSERT INTO city_line_station (id_city_line_station, relative_position, fk_id_city_line, fk_id_station) VALUES (587, 6, 39, 108);
INSERT INTO city_line_station (id_city_line_station, relative_position, fk_id_city_line, fk_id_station) VALUES (588, 7, 39, 115);
INSERT INTO city_line_station (id_city_line_station, relative_position, fk_id_city_line, fk_id_station) VALUES (589, 8, 39, 76);
INSERT INTO city_line_station (id_city_line_station, relative_position, fk_id_city_line, fk_id_station) VALUES (590, 9, 39, 13);
INSERT INTO city_line_station (id_city_line_station, relative_position, fk_id_city_line, fk_id_station) VALUES (591, 10, 39, 254);
INSERT INTO city_line_station (id_city_line_station, relative_position, fk_id_city_line, fk_id_station) VALUES (592, 11, 39, 75);
INSERT INTO city_line_station (id_city_line_station, relative_position, fk_id_city_line, fk_id_station) VALUES (593, 12, 39, 38);
INSERT INTO city_line_station (id_city_line_station, relative_position, fk_id_city_line, fk_id_station) VALUES (594, 0, 26, 53);
INSERT INTO city_line_station (id_city_line_station, relative_position, fk_id_city_line, fk_id_station) VALUES (595, 1, 26, 184);
INSERT INTO city_line_station (id_city_line_station, relative_position, fk_id_city_line, fk_id_station) VALUES (596, 2, 26, 51);
INSERT INTO city_line_station (id_city_line_station, relative_position, fk_id_city_line, fk_id_station) VALUES (597, 3, 26, 122);
INSERT INTO city_line_station (id_city_line_station, relative_position, fk_id_city_line, fk_id_station) VALUES (598, 4, 26, 363);
INSERT INTO city_line_station (id_city_line_station, relative_position, fk_id_city_line, fk_id_station) VALUES (599, 5, 26, 90);
INSERT INTO city_line_station (id_city_line_station, relative_position, fk_id_city_line, fk_id_station) VALUES (600, 6, 26, 216);
INSERT INTO city_line_station (id_city_line_station, relative_position, fk_id_city_line, fk_id_station) VALUES (601, 7, 26, 91);
INSERT INTO city_line_station (id_city_line_station, relative_position, fk_id_city_line, fk_id_station) VALUES (602, 8, 26, 370);
INSERT INTO city_line_station (id_city_line_station, relative_position, fk_id_city_line, fk_id_station) VALUES (603, 9, 26, 103);
INSERT INTO city_line_station (id_city_line_station, relative_position, fk_id_city_line, fk_id_station) VALUES (604, 10, 26, 228);
INSERT INTO city_line_station (id_city_line_station, relative_position, fk_id_city_line, fk_id_station) VALUES (605, 11, 26, 201);
INSERT INTO city_line_station (id_city_line_station, relative_position, fk_id_city_line, fk_id_station) VALUES (606, 12, 26, 80);
INSERT INTO city_line_station (id_city_line_station, relative_position, fk_id_city_line, fk_id_station) VALUES (607, 13, 26, 168);
INSERT INTO city_line_station (id_city_line_station, relative_position, fk_id_city_line, fk_id_station) VALUES (608, 14, 26, 361);
INSERT INTO city_line_station (id_city_line_station, relative_position, fk_id_city_line, fk_id_station) VALUES (609, 15, 26, 285);
INSERT INTO city_line_station (id_city_line_station, relative_position, fk_id_city_line, fk_id_station) VALUES (610, 0, 34, 331);
INSERT INTO city_line_station (id_city_line_station, relative_position, fk_id_city_line, fk_id_station) VALUES (611, 1, 34, 163);
INSERT INTO city_line_station (id_city_line_station, relative_position, fk_id_city_line, fk_id_station) VALUES (612, 2, 34, 169);
INSERT INTO city_line_station (id_city_line_station, relative_position, fk_id_city_line, fk_id_station) VALUES (613, 3, 34, 202);
INSERT INTO city_line_station (id_city_line_station, relative_position, fk_id_city_line, fk_id_station) VALUES (614, 4, 34, 188);
INSERT INTO city_line_station (id_city_line_station, relative_position, fk_id_city_line, fk_id_station) VALUES (615, 5, 34, 127);
INSERT INTO city_line_station (id_city_line_station, relative_position, fk_id_city_line, fk_id_station) VALUES (616, 6, 34, 307);
INSERT INTO city_line_station (id_city_line_station, relative_position, fk_id_city_line, fk_id_station) VALUES (617, 7, 34, 161);
INSERT INTO city_line_station (id_city_line_station, relative_position, fk_id_city_line, fk_id_station) VALUES (618, 0, 35, 161);
INSERT INTO city_line_station (id_city_line_station, relative_position, fk_id_city_line, fk_id_station) VALUES (619, 1, 35, 9);
INSERT INTO city_line_station (id_city_line_station, relative_position, fk_id_city_line, fk_id_station) VALUES (620, 2, 35, 215);
INSERT INTO city_line_station (id_city_line_station, relative_position, fk_id_city_line, fk_id_station) VALUES (621, 3, 35, 302);
INSERT INTO city_line_station (id_city_line_station, relative_position, fk_id_city_line, fk_id_station) VALUES (622, 4, 35, 364);
INSERT INTO city_line_station (id_city_line_station, relative_position, fk_id_city_line, fk_id_station) VALUES (623, 5, 35, 213);
INSERT INTO city_line_station (id_city_line_station, relative_position, fk_id_city_line, fk_id_station) VALUES (624, 6, 35, 258);
INSERT INTO city_line_station (id_city_line_station, relative_position, fk_id_city_line, fk_id_station) VALUES (625, 7, 35, 143);
INSERT INTO city_line_station (id_city_line_station, relative_position, fk_id_city_line, fk_id_station) VALUES (626, 8, 35, 200);
INSERT INTO city_line_station (id_city_line_station, relative_position, fk_id_city_line, fk_id_station) VALUES (627, 9, 35, 367);
INSERT INTO city_line_station (id_city_line_station, relative_position, fk_id_city_line, fk_id_station) VALUES (628, 10, 35, 235);
INSERT INTO city_line_station (id_city_line_station, relative_position, fk_id_city_line, fk_id_station) VALUES (629, 11, 35, 101);
INSERT INTO city_line_station (id_city_line_station, relative_position, fk_id_city_line, fk_id_station) VALUES (630, 12, 35, 26);
INSERT INTO city_line_station (id_city_line_station, relative_position, fk_id_city_line, fk_id_station) VALUES (631, 13, 35, 38);
INSERT INTO city_line_station (id_city_line_station, relative_position, fk_id_city_line, fk_id_station) VALUES (632, 0, 46, 120);
INSERT INTO city_line_station (id_city_line_station, relative_position, fk_id_city_line, fk_id_station) VALUES (633, 1, 46, 383);
INSERT INTO city_line_station (id_city_line_station, relative_position, fk_id_city_line, fk_id_station) VALUES (634, 2, 46, 151);
INSERT INTO city_line_station (id_city_line_station, relative_position, fk_id_city_line, fk_id_station) VALUES (635, 3, 46, 328);
INSERT INTO city_line_station (id_city_line_station, relative_position, fk_id_city_line, fk_id_station) VALUES (636, 4, 46, 157);
INSERT INTO city_line_station (id_city_line_station, relative_position, fk_id_city_line, fk_id_station) VALUES (637, 5, 46, 329);
INSERT INTO city_line_station (id_city_line_station, relative_position, fk_id_city_line, fk_id_station) VALUES (638, 6, 46, 252);
INSERT INTO city_line_station (id_city_line_station, relative_position, fk_id_city_line, fk_id_station) VALUES (639, 7, 46, 64);
INSERT INTO city_line_station (id_city_line_station, relative_position, fk_id_city_line, fk_id_station) VALUES (640, 8, 46, 149);
INSERT INTO city_line_station (id_city_line_station, relative_position, fk_id_city_line, fk_id_station) VALUES (641, 9, 46, 352);
INSERT INTO city_line_station (id_city_line_station, relative_position, fk_id_city_line, fk_id_station) VALUES (642, 10, 46, 57);
INSERT INTO city_line_station (id_city_line_station, relative_position, fk_id_city_line, fk_id_station) VALUES (643, 11, 46, 365);
INSERT INTO city_line_station (id_city_line_station, relative_position, fk_id_city_line, fk_id_station) VALUES (644, 12, 46, 186);
INSERT INTO city_line_station (id_city_line_station, relative_position, fk_id_city_line, fk_id_station) VALUES (645, 13, 46, 312);
INSERT INTO city_line_station (id_city_line_station, relative_position, fk_id_city_line, fk_id_station) VALUES (646, 14, 46, 119);
INSERT INTO city_line_station (id_city_line_station, relative_position, fk_id_city_line, fk_id_station) VALUES (647, 15, 46, 15);
INSERT INTO city_line_station (id_city_line_station, relative_position, fk_id_city_line, fk_id_station) VALUES (648, 16, 46, 243);
INSERT INTO city_line_station (id_city_line_station, relative_position, fk_id_city_line, fk_id_station) VALUES (649, 17, 46, 378);
INSERT INTO city_line_station (id_city_line_station, relative_position, fk_id_city_line, fk_id_station) VALUES (650, 0, 47, 15);
INSERT INTO city_line_station (id_city_line_station, relative_position, fk_id_city_line, fk_id_station) VALUES (651, 1, 47, 373);
INSERT INTO city_line_station (id_city_line_station, relative_position, fk_id_city_line, fk_id_station) VALUES (652, 2, 47, 310);
INSERT INTO city_line_station (id_city_line_station, relative_position, fk_id_city_line, fk_id_station) VALUES (653, 3, 47, 287);
INSERT INTO city_line_station (id_city_line_station, relative_position, fk_id_city_line, fk_id_station) VALUES (654, 4, 47, 357);
INSERT INTO city_line_station (id_city_line_station, relative_position, fk_id_city_line, fk_id_station) VALUES (655, 5, 47, 192);
INSERT INTO city_line_station (id_city_line_station, relative_position, fk_id_city_line, fk_id_station) VALUES (656, 6, 47, 272);
INSERT INTO city_line_station (id_city_line_station, relative_position, fk_id_city_line, fk_id_station) VALUES (657, 7, 47, 145);
INSERT INTO city_line_station (id_city_line_station, relative_position, fk_id_city_line, fk_id_station) VALUES (658, 8, 47, 249);
INSERT INTO city_line_station (id_city_line_station, relative_position, fk_id_city_line, fk_id_station) VALUES (659, 9, 47, 345);
INSERT INTO city_line_station (id_city_line_station, relative_position, fk_id_city_line, fk_id_station) VALUES (660, 10, 47, 67);
INSERT INTO city_line_station (id_city_line_station, relative_position, fk_id_city_line, fk_id_station) VALUES (661, 11, 47, 95);
INSERT INTO city_line_station (id_city_line_station, relative_position, fk_id_city_line, fk_id_station) VALUES (662, 12, 47, 273);
INSERT INTO city_line_station (id_city_line_station, relative_position, fk_id_city_line, fk_id_station) VALUES (663, 13, 47, 16);
INSERT INTO city_line_station (id_city_line_station, relative_position, fk_id_city_line, fk_id_station) VALUES (664, 14, 47, 107);
INSERT INTO city_line_station (id_city_line_station, relative_position, fk_id_city_line, fk_id_station) VALUES (665, 15, 47, 264);
INSERT INTO city_line_station (id_city_line_station, relative_position, fk_id_city_line, fk_id_station) VALUES (666, 16, 47, 226);
INSERT INTO city_line_station (id_city_line_station, relative_position, fk_id_city_line, fk_id_station) VALUES (667, 17, 47, 246);
INSERT INTO city_line_station (id_city_line_station, relative_position, fk_id_city_line, fk_id_station) VALUES (668, 18, 47, 381);
INSERT INTO city_line_station (id_city_line_station, relative_position, fk_id_city_line, fk_id_station) VALUES (669, 19, 47, 96);
INSERT INTO city_line_station (id_city_line_station, relative_position, fk_id_city_line, fk_id_station) VALUES (670, 20, 47, 124);
INSERT INTO city_line_station (id_city_line_station, relative_position, fk_id_city_line, fk_id_station) VALUES (671, 21, 47, 79);
INSERT INTO city_line_station (id_city_line_station, relative_position, fk_id_city_line, fk_id_station) VALUES (672, 22, 47, 75);
INSERT INTO city_line_station (id_city_line_station, relative_position, fk_id_city_line, fk_id_station) VALUES (673, 23, 47, 38);
INSERT INTO city_line_station (id_city_line_station, relative_position, fk_id_city_line, fk_id_station) VALUES (674, 0, 13, 71);
INSERT INTO city_line_station (id_city_line_station, relative_position, fk_id_city_line, fk_id_station) VALUES (675, 1, 13, 85);
INSERT INTO city_line_station (id_city_line_station, relative_position, fk_id_city_line, fk_id_station) VALUES (676, 2, 13, 89);
INSERT INTO city_line_station (id_city_line_station, relative_position, fk_id_city_line, fk_id_station) VALUES (677, 3, 13, 28);
INSERT INTO city_line_station (id_city_line_station, relative_position, fk_id_city_line, fk_id_station) VALUES (678, 4, 13, 50);
INSERT INTO city_line_station (id_city_line_station, relative_position, fk_id_city_line, fk_id_station) VALUES (679, 5, 13, 340);
INSERT INTO city_line_station (id_city_line_station, relative_position, fk_id_city_line, fk_id_station) VALUES (680, 6, 13, 379);
INSERT INTO city_line_station (id_city_line_station, relative_position, fk_id_city_line, fk_id_station) VALUES (681, 7, 13, 237);
INSERT INTO city_line_station (id_city_line_station, relative_position, fk_id_city_line, fk_id_station) VALUES (682, 8, 13, 1);
INSERT INTO city_line_station (id_city_line_station, relative_position, fk_id_city_line, fk_id_station) VALUES (683, 9, 13, 176);
INSERT INTO city_line_station (id_city_line_station, relative_position, fk_id_city_line, fk_id_station) VALUES (684, 10, 13, 66);
INSERT INTO city_line_station (id_city_line_station, relative_position, fk_id_city_line, fk_id_station) VALUES (685, 11, 13, 305);
INSERT INTO city_line_station (id_city_line_station, relative_position, fk_id_city_line, fk_id_station) VALUES (686, 12, 13, 196);
INSERT INTO city_line_station (id_city_line_station, relative_position, fk_id_city_line, fk_id_station) VALUES (687, 13, 13, 232);
INSERT INTO city_line_station (id_city_line_station, relative_position, fk_id_city_line, fk_id_station) VALUES (688, 14, 13, 219);
INSERT INTO city_line_station (id_city_line_station, relative_position, fk_id_city_line, fk_id_station) VALUES (689, 15, 13, 369);
INSERT INTO city_line_station (id_city_line_station, relative_position, fk_id_city_line, fk_id_station) VALUES (690, 16, 13, 168);
INSERT INTO city_line_station (id_city_line_station, relative_position, fk_id_city_line, fk_id_station) VALUES (691, 17, 13, 25);
INSERT INTO city_line_station (id_city_line_station, relative_position, fk_id_city_line, fk_id_station) VALUES (692, 18, 13, 18);
INSERT INTO city_line_station (id_city_line_station, relative_position, fk_id_city_line, fk_id_station) VALUES (693, 19, 13, 289);
INSERT INTO city_line_station (id_city_line_station, relative_position, fk_id_city_line, fk_id_station) VALUES (694, 20, 13, 19);
INSERT INTO city_line_station (id_city_line_station, relative_position, fk_id_city_line, fk_id_station) VALUES (695, 0, 14, 253);
INSERT INTO city_line_station (id_city_line_station, relative_position, fk_id_city_line, fk_id_station) VALUES (696, 1, 14, 260);
INSERT INTO city_line_station (id_city_line_station, relative_position, fk_id_city_line, fk_id_station) VALUES (697, 2, 14, 286);
INSERT INTO city_line_station (id_city_line_station, relative_position, fk_id_city_line, fk_id_station) VALUES (698, 3, 14, 261);
INSERT INTO city_line_station (id_city_line_station, relative_position, fk_id_city_line, fk_id_station) VALUES (699, 4, 14, 49);
INSERT INTO city_line_station (id_city_line_station, relative_position, fk_id_city_line, fk_id_station) VALUES (700, 5, 14, 356);
INSERT INTO city_line_station (id_city_line_station, relative_position, fk_id_city_line, fk_id_station) VALUES (701, 6, 14, 230);
INSERT INTO city_line_station (id_city_line_station, relative_position, fk_id_city_line, fk_id_station) VALUES (702, 7, 14, 83);
INSERT INTO city_line_station (id_city_line_station, relative_position, fk_id_city_line, fk_id_station) VALUES (703, 8, 14, 187);
INSERT INTO city_line_station (id_city_line_station, relative_position, fk_id_city_line, fk_id_station) VALUES (704, 9, 14, 311);
INSERT INTO city_line_station (id_city_line_station, relative_position, fk_id_city_line, fk_id_station) VALUES (705, 10, 14, 3);
INSERT INTO city_line_station (id_city_line_station, relative_position, fk_id_city_line, fk_id_station) VALUES (706, 11, 14, 309);
INSERT INTO city_line_station (id_city_line_station, relative_position, fk_id_city_line, fk_id_station) VALUES (707, 12, 14, 51);
INSERT INTO city_line_station (id_city_line_station, relative_position, fk_id_city_line, fk_id_station) VALUES (708, 13, 14, 344);
INSERT INTO city_line_station (id_city_line_station, relative_position, fk_id_city_line, fk_id_station) VALUES (709, 14, 14, 115);
INSERT INTO city_line_station (id_city_line_station, relative_position, fk_id_city_line, fk_id_station) VALUES (710, 15, 14, 13);
INSERT INTO city_line_station (id_city_line_station, relative_position, fk_id_city_line, fk_id_station) VALUES (711, 16, 14, 254);
INSERT INTO city_line_station (id_city_line_station, relative_position, fk_id_city_line, fk_id_station) VALUES (712, 17, 14, 75);
INSERT INTO city_line_station (id_city_line_station, relative_position, fk_id_city_line, fk_id_station) VALUES (713, 18, 14, 106);
INSERT INTO city_line_station (id_city_line_station, relative_position, fk_id_city_line, fk_id_station) VALUES (714, 19, 14, 209);
INSERT INTO city_line_station (id_city_line_station, relative_position, fk_id_city_line, fk_id_station) VALUES (715, 20, 14, 241);
INSERT INTO city_line_station (id_city_line_station, relative_position, fk_id_city_line, fk_id_station) VALUES (716, 21, 14, 316);
INSERT INTO city_line_station (id_city_line_station, relative_position, fk_id_city_line, fk_id_station) VALUES (717, 22, 14, 20);
INSERT INTO city_line_station (id_city_line_station, relative_position, fk_id_city_line, fk_id_station) VALUES (718, 23, 14, 37);
INSERT INTO city_line_station (id_city_line_station, relative_position, fk_id_city_line, fk_id_station) VALUES (719, 24, 14, 23);
INSERT INTO city_line_station (id_city_line_station, relative_position, fk_id_city_line, fk_id_station) VALUES (720, 25, 14, 130);
INSERT INTO city_line_station (id_city_line_station, relative_position, fk_id_city_line, fk_id_station) VALUES (721, 26, 14, 291);
INSERT INTO city_line_station (id_city_line_station, relative_position, fk_id_city_line, fk_id_station) VALUES (722, 0, 5, 177);
INSERT INTO city_line_station (id_city_line_station, relative_position, fk_id_city_line, fk_id_station) VALUES (723, 1, 5, 198);
INSERT INTO city_line_station (id_city_line_station, relative_position, fk_id_city_line, fk_id_station) VALUES (724, 2, 5, 368);
INSERT INTO city_line_station (id_city_line_station, relative_position, fk_id_city_line, fk_id_station) VALUES (725, 3, 5, 353);
INSERT INTO city_line_station (id_city_line_station, relative_position, fk_id_city_line, fk_id_station) VALUES (726, 4, 5, 82);
INSERT INTO city_line_station (id_city_line_station, relative_position, fk_id_city_line, fk_id_station) VALUES (727, 5, 5, 42);
INSERT INTO city_line_station (id_city_line_station, relative_position, fk_id_city_line, fk_id_station) VALUES (728, 6, 5, 27);
INSERT INTO city_line_station (id_city_line_station, relative_position, fk_id_city_line, fk_id_station) VALUES (729, 7, 5, 128);
INSERT INTO city_line_station (id_city_line_station, relative_position, fk_id_city_line, fk_id_station) VALUES (730, 8, 5, 240);
INSERT INTO city_line_station (id_city_line_station, relative_position, fk_id_city_line, fk_id_station) VALUES (731, 9, 5, 98);
INSERT INTO city_line_station (id_city_line_station, relative_position, fk_id_city_line, fk_id_station) VALUES (732, 10, 5, 56);
INSERT INTO city_line_station (id_city_line_station, relative_position, fk_id_city_line, fk_id_station) VALUES (733, 11, 5, 248);
INSERT INTO city_line_station (id_city_line_station, relative_position, fk_id_city_line, fk_id_station) VALUES (734, 12, 5, 245);
INSERT INTO city_line_station (id_city_line_station, relative_position, fk_id_city_line, fk_id_station) VALUES (735, 13, 5, 123);
INSERT INTO city_line_station (id_city_line_station, relative_position, fk_id_city_line, fk_id_station) VALUES (736, 14, 5, 316);
INSERT INTO city_line_station (id_city_line_station, relative_position, fk_id_city_line, fk_id_station) VALUES (737, 15, 5, 241);
INSERT INTO city_line_station (id_city_line_station, relative_position, fk_id_city_line, fk_id_station) VALUES (738, 16, 5, 361);
INSERT INTO city_line_station (id_city_line_station, relative_position, fk_id_city_line, fk_id_station) VALUES (739, 17, 5, 285);
INSERT INTO city_line_station (id_city_line_station, relative_position, fk_id_city_line, fk_id_station) VALUES (740, 0, 6, 375);
INSERT INTO city_line_station (id_city_line_station, relative_position, fk_id_city_line, fk_id_station) VALUES (741, 1, 6, 55);
INSERT INTO city_line_station (id_city_line_station, relative_position, fk_id_city_line, fk_id_station) VALUES (742, 2, 6, 369);
INSERT INTO city_line_station (id_city_line_station, relative_position, fk_id_city_line, fk_id_station) VALUES (743, 3, 6, 219);
INSERT INTO city_line_station (id_city_line_station, relative_position, fk_id_city_line, fk_id_station) VALUES (744, 4, 6, 4);
INSERT INTO city_line_station (id_city_line_station, relative_position, fk_id_city_line, fk_id_station) VALUES (745, 5, 6, 60);
INSERT INTO city_line_station (id_city_line_station, relative_position, fk_id_city_line, fk_id_station) VALUES (746, 6, 6, 182);
INSERT INTO city_line_station (id_city_line_station, relative_position, fk_id_city_line, fk_id_station) VALUES (747, 7, 6, 297);
INSERT INTO city_line_station (id_city_line_station, relative_position, fk_id_city_line, fk_id_station) VALUES (748, 8, 6, 47);
INSERT INTO city_line_station (id_city_line_station, relative_position, fk_id_city_line, fk_id_station) VALUES (749, 9, 6, 385);
INSERT INTO city_line_station (id_city_line_station, relative_position, fk_id_city_line, fk_id_station) VALUES (750, 10, 6, 377);
INSERT INTO city_line_station (id_city_line_station, relative_position, fk_id_city_line, fk_id_station) VALUES (751, 11, 6, 278);
INSERT INTO city_line_station (id_city_line_station, relative_position, fk_id_city_line, fk_id_station) VALUES (752, 12, 6, 212);
INSERT INTO city_line_station (id_city_line_station, relative_position, fk_id_city_line, fk_id_station) VALUES (753, 13, 6, 12);
INSERT INTO city_line_station (id_city_line_station, relative_position, fk_id_city_line, fk_id_station) VALUES (754, 14, 6, 177);
INSERT INTO city_line_station (id_city_line_station, relative_position, fk_id_city_line, fk_id_station) VALUES (755, 0, 42, 25);
INSERT INTO city_line_station (id_city_line_station, relative_position, fk_id_city_line, fk_id_station) VALUES (756, 1, 42, 18);
INSERT INTO city_line_station (id_city_line_station, relative_position, fk_id_city_line, fk_id_station) VALUES (757, 2, 42, 289);
INSERT INTO city_line_station (id_city_line_station, relative_position, fk_id_city_line, fk_id_station) VALUES (758, 3, 42, 19);
INSERT INTO city_line_station (id_city_line_station, relative_position, fk_id_city_line, fk_id_station) VALUES (759, 4, 42, 168);
INSERT INTO city_line_station (id_city_line_station, relative_position, fk_id_city_line, fk_id_station) VALUES (760, 5, 42, 369);
INSERT INTO city_line_station (id_city_line_station, relative_position, fk_id_city_line, fk_id_station) VALUES (761, 6, 42, 219);
INSERT INTO city_line_station (id_city_line_station, relative_position, fk_id_city_line, fk_id_station) VALUES (762, 7, 42, 4);
INSERT INTO city_line_station (id_city_line_station, relative_position, fk_id_city_line, fk_id_station) VALUES (763, 8, 42, 60);
INSERT INTO city_line_station (id_city_line_station, relative_position, fk_id_city_line, fk_id_station) VALUES (764, 9, 42, 182);
INSERT INTO city_line_station (id_city_line_station, relative_position, fk_id_city_line, fk_id_station) VALUES (765, 10, 42, 66);
INSERT INTO city_line_station (id_city_line_station, relative_position, fk_id_city_line, fk_id_station) VALUES (766, 11, 42, 341);
INSERT INTO city_line_station (id_city_line_station, relative_position, fk_id_city_line, fk_id_station) VALUES (767, 12, 42, 21);
INSERT INTO city_line_station (id_city_line_station, relative_position, fk_id_city_line, fk_id_station) VALUES (768, 13, 42, 108);
INSERT INTO city_line_station (id_city_line_station, relative_position, fk_id_city_line, fk_id_station) VALUES (769, 14, 42, 165);
INSERT INTO city_line_station (id_city_line_station, relative_position, fk_id_city_line, fk_id_station) VALUES (770, 15, 42, 59);
INSERT INTO city_line_station (id_city_line_station, relative_position, fk_id_city_line, fk_id_station) VALUES (771, 16, 42, 24);
INSERT INTO city_line_station (id_city_line_station, relative_position, fk_id_city_line, fk_id_station) VALUES (772, 17, 42, 342);
INSERT INTO city_line_station (id_city_line_station, relative_position, fk_id_city_line, fk_id_station) VALUES (773, 18, 42, 91);
INSERT INTO city_line_station (id_city_line_station, relative_position, fk_id_city_line, fk_id_station) VALUES (774, 19, 42, 237);
INSERT INTO city_line_station (id_city_line_station, relative_position, fk_id_city_line, fk_id_station) VALUES (775, 20, 42, 379);
INSERT INTO city_line_station (id_city_line_station, relative_position, fk_id_city_line, fk_id_station) VALUES (776, 21, 42, 1);
INSERT INTO city_line_station (id_city_line_station, relative_position, fk_id_city_line, fk_id_station) VALUES (777, 22, 42, 340);
INSERT INTO city_line_station (id_city_line_station, relative_position, fk_id_city_line, fk_id_station) VALUES (778, 23, 42, 28);
INSERT INTO city_line_station (id_city_line_station, relative_position, fk_id_city_line, fk_id_station) VALUES (779, 24, 42, 50);
INSERT INTO city_line_station (id_city_line_station, relative_position, fk_id_city_line, fk_id_station) VALUES (780, 25, 42, 89);
INSERT INTO city_line_station (id_city_line_station, relative_position, fk_id_city_line, fk_id_station) VALUES (781, 26, 42, 139);
INSERT INTO city_line_station (id_city_line_station, relative_position, fk_id_city_line, fk_id_station) VALUES (782, 27, 42, 71);
INSERT INTO city_line_station (id_city_line_station, relative_position, fk_id_city_line, fk_id_station) VALUES (783, 28, 42, 85);
INSERT INTO city_line_station (id_city_line_station, relative_position, fk_id_city_line, fk_id_station) VALUES (784, 0, 43, 139);
INSERT INTO city_line_station (id_city_line_station, relative_position, fk_id_city_line, fk_id_station) VALUES (785, 1, 43, 260);
INSERT INTO city_line_station (id_city_line_station, relative_position, fk_id_city_line, fk_id_station) VALUES (786, 2, 43, 286);
INSERT INTO city_line_station (id_city_line_station, relative_position, fk_id_city_line, fk_id_station) VALUES (787, 3, 43, 261);
INSERT INTO city_line_station (id_city_line_station, relative_position, fk_id_city_line, fk_id_station) VALUES (788, 4, 43, 49);
INSERT INTO city_line_station (id_city_line_station, relative_position, fk_id_city_line, fk_id_station) VALUES (789, 5, 43, 356);
INSERT INTO city_line_station (id_city_line_station, relative_position, fk_id_city_line, fk_id_station) VALUES (790, 6, 43, 230);
INSERT INTO city_line_station (id_city_line_station, relative_position, fk_id_city_line, fk_id_station) VALUES (791, 7, 43, 83);
INSERT INTO city_line_station (id_city_line_station, relative_position, fk_id_city_line, fk_id_station) VALUES (792, 8, 43, 296);
INSERT INTO city_line_station (id_city_line_station, relative_position, fk_id_city_line, fk_id_station) VALUES (793, 9, 43, 14);
INSERT INTO city_line_station (id_city_line_station, relative_position, fk_id_city_line, fk_id_station) VALUES (794, 10, 43, 280);
INSERT INTO city_line_station (id_city_line_station, relative_position, fk_id_city_line, fk_id_station) VALUES (795, 11, 43, 98);
INSERT INTO city_line_station (id_city_line_station, relative_position, fk_id_city_line, fk_id_station) VALUES (796, 12, 43, 21);
INSERT INTO city_line_station (id_city_line_station, relative_position, fk_id_city_line, fk_id_station) VALUES (797, 13, 43, 115);
INSERT INTO city_line_station (id_city_line_station, relative_position, fk_id_city_line, fk_id_station) VALUES (798, 14, 43, 256);
INSERT INTO city_line_station (id_city_line_station, relative_position, fk_id_city_line, fk_id_station) VALUES (799, 15, 43, 254);
INSERT INTO city_line_station (id_city_line_station, relative_position, fk_id_city_line, fk_id_station) VALUES (800, 16, 43, 248);
INSERT INTO city_line_station (id_city_line_station, relative_position, fk_id_city_line, fk_id_station) VALUES (801, 17, 43, 245);
INSERT INTO city_line_station (id_city_line_station, relative_position, fk_id_city_line, fk_id_station) VALUES (802, 18, 43, 123);
INSERT INTO city_line_station (id_city_line_station, relative_position, fk_id_city_line, fk_id_station) VALUES (803, 19, 43, 316);
INSERT INTO city_line_station (id_city_line_station, relative_position, fk_id_city_line, fk_id_station) VALUES (804, 20, 43, 241);
INSERT INTO city_line_station (id_city_line_station, relative_position, fk_id_city_line, fk_id_station) VALUES (805, 21, 43, 20);
INSERT INTO city_line_station (id_city_line_station, relative_position, fk_id_city_line, fk_id_station) VALUES (806, 22, 43, 37);
INSERT INTO city_line_station (id_city_line_station, relative_position, fk_id_city_line, fk_id_station) VALUES (807, 23, 43, 23);
INSERT INTO city_line_station (id_city_line_station, relative_position, fk_id_city_line, fk_id_station) VALUES (808, 24, 43, 130);
INSERT INTO city_line_station (id_city_line_station, relative_position, fk_id_city_line, fk_id_station) VALUES (809, 25, 43, 291);
INSERT INTO city_line_station (id_city_line_station, relative_position, fk_id_city_line, fk_id_station) VALUES (810, 26, 43, 253);
INSERT INTO city_line_station (id_city_line_station, relative_position, fk_id_city_line, fk_id_station) VALUES (811, 0, 27, 115);
INSERT INTO city_line_station (id_city_line_station, relative_position, fk_id_city_line, fk_id_station) VALUES (812, 1, 27, 254);
INSERT INTO city_line_station (id_city_line_station, relative_position, fk_id_city_line, fk_id_station) VALUES (813, 2, 27, 75);
INSERT INTO city_line_station (id_city_line_station, relative_position, fk_id_city_line, fk_id_station) VALUES (814, 3, 27, 106);
INSERT INTO city_line_station (id_city_line_station, relative_position, fk_id_city_line, fk_id_station) VALUES (815, 4, 27, 209);
INSERT INTO city_line_station (id_city_line_station, relative_position, fk_id_city_line, fk_id_station) VALUES (816, 5, 27, 316);
INSERT INTO city_line_station (id_city_line_station, relative_position, fk_id_city_line, fk_id_station) VALUES (817, 6, 27, 301);
INSERT INTO city_line_station (id_city_line_station, relative_position, fk_id_city_line, fk_id_station) VALUES (818, 7, 27, 330);
INSERT INTO city_line_station (id_city_line_station, relative_position, fk_id_city_line, fk_id_station) VALUES (819, 8, 27, 191);
INSERT INTO city_line_station (id_city_line_station, relative_position, fk_id_city_line, fk_id_station) VALUES (820, 9, 27, 133);
INSERT INTO city_line_station (id_city_line_station, relative_position, fk_id_city_line, fk_id_station) VALUES (821, 10, 27, 112);
INSERT INTO city_line_station (id_city_line_station, relative_position, fk_id_city_line, fk_id_station) VALUES (822, 11, 27, 156);
INSERT INTO city_line_station (id_city_line_station, relative_position, fk_id_city_line, fk_id_station) VALUES (823, 0, 28, 112);
INSERT INTO city_line_station (id_city_line_station, relative_position, fk_id_city_line, fk_id_station) VALUES (824, 1, 28, 207);
INSERT INTO city_line_station (id_city_line_station, relative_position, fk_id_city_line, fk_id_station) VALUES (825, 2, 28, 45);
INSERT INTO city_line_station (id_city_line_station, relative_position, fk_id_city_line, fk_id_station) VALUES (826, 3, 28, 173);
INSERT INTO city_line_station (id_city_line_station, relative_position, fk_id_city_line, fk_id_station) VALUES (827, 4, 28, 174);
INSERT INTO city_line_station (id_city_line_station, relative_position, fk_id_city_line, fk_id_station) VALUES (828, 5, 28, 290);
INSERT INTO city_line_station (id_city_line_station, relative_position, fk_id_city_line, fk_id_station) VALUES (829, 6, 28, 231);
INSERT INTO city_line_station (id_city_line_station, relative_position, fk_id_city_line, fk_id_station) VALUES (830, 7, 28, 276);
INSERT INTO city_line_station (id_city_line_station, relative_position, fk_id_city_line, fk_id_station) VALUES (831, 8, 28, 219);
INSERT INTO city_line_station (id_city_line_station, relative_position, fk_id_city_line, fk_id_station) VALUES (832, 9, 28, 196);
INSERT INTO city_line_station (id_city_line_station, relative_position, fk_id_city_line, fk_id_station) VALUES (833, 10, 28, 232);
INSERT INTO city_line_station (id_city_line_station, relative_position, fk_id_city_line, fk_id_station) VALUES (834, 11, 28, 66);
INSERT INTO city_line_station (id_city_line_station, relative_position, fk_id_city_line, fk_id_station) VALUES (835, 12, 28, 341);
INSERT INTO city_line_station (id_city_line_station, relative_position, fk_id_city_line, fk_id_station) VALUES (836, 13, 28, 384);

INSERT INTO schedule (id_schedule, active, schedule_type, valid_from, fk_id_city_line) VALUES (1, true, 'WORK_DAY', '2018-12-12 00:00:00', 1);
INSERT INTO schedule (id_schedule, active, schedule_type, valid_from, fk_id_city_line) VALUES (2, true, 'WORK_DAY', '2018-12-12 00:00:00', 2);
INSERT INTO schedule (id_schedule, active, schedule_type, valid_from, fk_id_city_line) VALUES (3, true, 'WORK_DAY', '2018-12-12 00:00:00', 3);
INSERT INTO schedule (id_schedule, active, schedule_type, valid_from, fk_id_city_line) VALUES (4, true, 'WEEKEND', '2018-12-12 00:00:00', 3);
INSERT INTO schedule (id_schedule, active, schedule_type, valid_from, fk_id_city_line) VALUES (5, true, 'WORK_DAY', '2018-12-12 00:00:00', 4);
INSERT INTO schedule (id_schedule, active, schedule_type, valid_from, fk_id_city_line) VALUES (6, true, 'WEEKEND', '2018-12-12 00:00:00', 5);
INSERT INTO schedule (id_schedule, active, schedule_type, valid_from, fk_id_city_line) VALUES (7, true, 'WORK_DAY', '2018-12-12 00:00:00', 6);

INSERT INTO ticket (id_ticket, duration, ticket_type, fk_id_city_line) VALUES (1, 'MONTHLY', 'REGULAR', 1);
INSERT INTO ticket (id_ticket, duration, ticket_type, fk_id_city_line) VALUES (2, 'DAILY', 'SENIOR', 1);
INSERT INTO ticket (id_ticket, duration, ticket_type, fk_id_city_line) VALUES (3, 'MONTHLY', 'STUDENT', 2);
INSERT INTO ticket (id_ticket, duration, ticket_type, fk_id_city_line) VALUES (4, 'ANNUAL', 'REGULAR', 2);
INSERT INTO ticket (id_ticket, duration, ticket_type, fk_id_city_line) VALUES (5, 'SINGLE_RIDE', 'STUDENT', 3);
INSERT INTO ticket (id_ticket, duration, ticket_type, fk_id_city_line) VALUES (6, 'DAILY', 'SENIOR', 3);
INSERT INTO ticket (id_ticket, duration, ticket_type, fk_id_city_line) VALUES (7, 'SINGLE_RIDE', 'REGULAR', 3);
INSERT INTO ticket (id_ticket, duration, ticket_type, fk_id_city_line) VALUES (8, 'DAILY', 'REGULAR', 3);
INSERT INTO ticket (id_ticket, duration, ticket_type, fk_id_city_line) VALUES (9, 'DAILY', 'STUDENT', null);
INSERT INTO ticket (id_ticket, duration, ticket_type, fk_id_city_line) VALUES (100, 'SINGLE_RIDE', 'STUDENT', null);

INSERT INTO schedule_item (id_schedule_item, departure_time, fk_id_schedule) VALUES (1, '2000-01-01 14:10:00', 1);
INSERT INTO schedule_item (id_schedule_item, departure_time, fk_id_schedule) VALUES (2, '2000-01-01 14:15:00', 1);
INSERT INTO schedule_item (id_schedule_item, departure_time, fk_id_schedule) VALUES (3, '2000-01-01 14:20:00', 1);
INSERT INTO schedule_item (id_schedule_item, departure_time, fk_id_schedule) VALUES (4, '2000-01-01 13:21:00', 1);
INSERT INTO schedule_item (id_schedule_item, departure_time, fk_id_schedule) VALUES (5, '2000-01-01 18:42:00', 1);
INSERT INTO schedule_item (id_schedule_item, departure_time, fk_id_schedule) VALUES (6, '2000-01-01 15:20:00', 1);
INSERT INTO schedule_item (id_schedule_item, departure_time, fk_id_schedule) VALUES (7, '2000-01-01 16:39:00', 1);
INSERT INTO schedule_item (id_schedule_item, departure_time, fk_id_schedule) VALUES (8, '2000-01-01 19:19:00', 1);

INSERT INTO bought_ticket (id_bought_ticket, bought_date, fk_id_account, fk_id_ticket, active, sold_price) VALUES (1, '2018-12-12 00:00:00', 1, 4, TRUE, 11.11);
INSERT INTO bought_ticket (id_bought_ticket, bought_date, fk_id_account, fk_id_ticket, active, sold_price) VALUES (2, '2018-12-12 00:00:00', 1, 7, TRUE, 22.22);
INSERT INTO bought_ticket (id_bought_ticket, bought_date, fk_id_account, fk_id_ticket, active, sold_price) VALUES (3, '2018-12-12 00:00:00', 2, 3, TRUE, 33.54);
INSERT INTO bought_ticket (id_bought_ticket, bought_date, fk_id_account, fk_id_ticket, active, sold_price) VALUES (4, '2018-12-12 00:00:00', 2, 5, TRUE, 44.11);
INSERT INTO bought_ticket (id_bought_ticket, bought_date, fk_id_account, fk_id_ticket, active, sold_price) VALUES (5, NOW(), 5, 7, TRUE, 35.11);
INSERT INTO bought_ticket (id_bought_ticket, bought_date, fk_id_account, fk_id_ticket, active, sold_price) VALUES (6, NOW(), 5, 2, TRUE, 123.11);
INSERT INTO bought_ticket (id_bought_ticket, bought_date, fk_id_account, fk_id_ticket, active, sold_price) VALUES (7, '2010-12-12 00:00:00', 5, 2, TRUE, 552.22);
INSERT INTO bought_ticket (id_bought_ticket, bought_date, fk_id_account, fk_id_ticket, active, sold_price) VALUES (8, NOW(), 5, 1, TRUE, 23.11);
INSERT INTO bought_ticket (id_bought_ticket, bought_date, fk_id_account, fk_id_ticket, active, sold_price) VALUES (9, '2010-12-12 00:00:00', 5, 1, TRUE, 341.22);
INSERT INTO bought_ticket (id_bought_ticket, bought_date, fk_id_account, fk_id_ticket, active, sold_price) VALUES (10, NOW(), 5, 4, TRUE, 11.11);
INSERT INTO bought_ticket (id_bought_ticket, bought_date, fk_id_account, fk_id_ticket, active, sold_price) VALUES (11, '2010-12-12 00:00:00', 5, 4, TRUE, 23.11);
INSERT INTO bought_ticket (id_bought_ticket, bought_date, fk_id_account, fk_id_ticket, active, sold_price) VALUES (12, '2018-12-13 00:00:00', 1, 4, TRUE, 15.16);
INSERT INTO bought_ticket (id_bought_ticket, bought_date, fk_id_account, fk_id_ticket, active, sold_price) VALUES (13, '2018-12-14 00:00:00', 1, 7, TRUE, 24.22);
INSERT INTO bought_ticket (id_bought_ticket, bought_date, fk_id_account, fk_id_ticket, active, sold_price) VALUES (14, '2018-12-15 00:00:00', 1, 4, TRUE, 43.11);
INSERT INTO bought_ticket (id_bought_ticket, bought_date, fk_id_account, fk_id_ticket, active, sold_price) VALUES (15, '2018-12-16 00:00:00', 1, 7, TRUE, 98.75);


INSERT INTO vehicle (id_vehicle, plate_number, vehicle_type, fk_id_city_line, fk_id_station) VALUES (1, 'NS-001-BU', 'BUS', 1, 104);
INSERT INTO vehicle (id_vehicle, plate_number, vehicle_type, fk_id_city_line, fk_id_station) VALUES (2, 'NS-002-BU', 'BUS', 2, 184);
INSERT INTO vehicle (id_vehicle, plate_number, vehicle_type, fk_id_city_line, fk_id_station) VALUES (3, 'NS-003-BU', 'BUS', 3, 21);
INSERT INTO vehicle (id_vehicle, plate_number, vehicle_type, fk_id_city_line, fk_id_station) VALUES (4, 'NS-004-BU', 'BUS', 4, 139);
INSERT INTO vehicle (id_vehicle, plate_number, vehicle_type, fk_id_city_line, fk_id_station) VALUES (5, 'NS-005-BU', 'BUS', 5, 177);
INSERT INTO vehicle (id_vehicle, plate_number, vehicle_type, fk_id_city_line, fk_id_station) VALUES (6, 'NS-006-BU', 'BUS', 6, 375);
INSERT INTO vehicle (id_vehicle, plate_number, vehicle_type, fk_id_city_line, fk_id_station) VALUES (7, 'NS-007-BU', 'BUS', 7, 38);

INSERT INTO price_list (id_price_list, end_date, start_date) VALUES (1, '2020-05-15 00:00:00', '2018-01-01 00:00:00');
INSERT INTO price_list (id_price_list, end_date, start_date) VALUES (2, '2021-05-15 00:00:00', '2020-05-23 00:00:00');
INSERT INTO price_list (id_price_list, end_date, start_date) VALUES (3, '2022-05-15 00:00:00', '2021-05-23 00:00:00');
INSERT INTO price_list (id_price_list, end_date, start_date) VALUES (4, '2023-05-15 00:00:00', '2022-05-23 00:00:00');

INSERT INTO price_list_item (id_price_list_item, price, active, date_active, fk_id_price_list, id_ticket) VALUES (1, 55, TRUE, '2019-01-12 00:00:00', 4, 1);
INSERT INTO price_list_item (id_price_list_item, price, active, date_active, fk_id_price_list, id_ticket) VALUES (11, 66, FALSE, '2018-12-12 00:00:00', 4, 1);
INSERT INTO price_list_item (id_price_list_item, price, active, date_active, fk_id_price_list, id_ticket) VALUES (12, 77, FALSE, '2018-09-12 00:00:00', 4, 1);
INSERT INTO price_list_item (id_price_list_item, price, active, date_active, fk_id_price_list, id_ticket) VALUES (13, 88, FALSE, '2018-03-12 00:00:00', 4, 1);
INSERT INTO price_list_item (id_price_list_item, price, active, date_active, fk_id_price_list, id_ticket) VALUES (2, 99, TRUE, '2018-12-12 00:00:00', 4, 2);
INSERT INTO price_list_item (id_price_list_item, price, active, date_active, fk_id_price_list, id_ticket) VALUES (3, 55, TRUE, '2018-12-12 00:00:00', 4, 3);
INSERT INTO price_list_item (id_price_list_item, price, active, date_active, fk_id_price_list, id_ticket) VALUES (4, 66, TRUE, '2018-12-12 00:00:00', 4, 4);
INSERT INTO price_list_item (id_price_list_item, price, active, date_active, fk_id_price_list, id_ticket) VALUES (5, 77, TRUE, '2018-12-12 00:00:00', 4, 5);
INSERT INTO price_list_item (id_price_list_item, price, active, date_active, fk_id_price_list, id_ticket) VALUES (6, 88, FALSE, '2018-12-12 00:00:00', 4, 6);
INSERT INTO price_list_item (id_price_list_item, price, active, date_active, fk_id_price_list, id_ticket) VALUES (7, 99, FALSE, '2018-12-12 00:00:00', 4, 7);
INSERT INTO price_list_item (id_price_list_item, price, active, date_active, fk_id_price_list, id_ticket) VALUES (8, 55, TRUE, '2018-12-12 00:00:00', 3, 1);
INSERT INTO price_list_item (id_price_list_item, price, active, date_active, fk_id_price_list, id_ticket) VALUES (9, 66, TRUE, '2018-12-12 00:00:00', 3, 2);
INSERT INTO price_list_item (id_price_list_item, price, active, date_active, fk_id_price_list, id_ticket) VALUES (14, 77, TRUE, '2019-01-12 00:00:00', 1, 1);
INSERT INTO price_list_item (id_price_list_item, price, active, date_active, fk_id_price_list, id_ticket) VALUES (15, 88, FALSE, '2018-12-12 00:00:00', 1, 1);
INSERT INTO price_list_item (id_price_list_item, price, active, date_active, fk_id_price_list, id_ticket) VALUES (16, 99, FALSE, '2018-09-12 00:00:00', 1, 1);
INSERT INTO price_list_item (id_price_list_item, price, active, date_active, fk_id_price_list, id_ticket) VALUES (17, 55, FALSE, '2018-03-12 00:00:00', 1, 1);
INSERT INTO price_list_item (id_price_list_item, price, active, date_active, fk_id_price_list, id_ticket) VALUES (18, 55, TRUE, '2018-12-12 00:00:00', 1, 2);
INSERT INTO price_list_item (id_price_list_item, price, active, date_active, fk_id_price_list, id_ticket) VALUES (19, 55, TRUE, '2018-12-12 00:00:00', 1, 3);
INSERT INTO price_list_item (id_price_list_item, price, active, date_active, fk_id_price_list, id_ticket) VALUES (20, 55, TRUE, '2018-12-12 00:00:00', 1, 4);
INSERT INTO price_list_item (id_price_list_item, price, active, date_active, fk_id_price_list, id_ticket) VALUES (21, 55, TRUE, '2018-12-12 00:00:00', 1, 5);
INSERT INTO price_list_item (id_price_list_item, price, active, date_active, fk_id_price_list, id_ticket) VALUES (22, 55, FALSE, '2018-12-12 00:00:00', 2, 6);
INSERT INTO price_list_item (id_price_list_item, price, active, date_active, fk_id_price_list, id_ticket) VALUES (23, 55, FALSE, '2018-12-12 00:00:00', 2, 7);
INSERT INTO price_list_item (id_price_list_item, price, active, date_active, fk_id_price_list, id_ticket) VALUES (24, 55, TRUE, '2018-12-12 00:00:00', 2, 1);
INSERT INTO price_list_item (id_price_list_item, price, active, date_active, fk_id_price_list, id_ticket) VALUES (10, 55, TRUE, '2018-12-12 00:00:00', 2, 3);
